id,index,period,timestamp,minute,second,possession,duration,type_id,type_name,possession_team_id,possession_team_name,play_pattern_id,play_pattern_name,team_id,team_name,tactics_formation,tactics_lineup,related_events,location,player_id,player_name,position_id,position_name,pass_recipient_id,pass_recipient_name,pass_length,pass_angle,pass_height_id,pass_height_name,pass_end_location,pass_type_id,pass_type_name,pass_body_part_id,pass_body_part_name,carry_end_location,pass_switch,pass_outcome_id,pass_outcome_name,ball_receipt_outcome_id,ball_receipt_outcome_name,counterpress,under_pressure,ball_recovery_recovery_failure,pass_assisted_shot_id,pass_shot_assist,pass_through_ball,pass_technique_id,pass_technique_name,shot_statsbomb_xg,shot_end_location,shot_key_pass_id,shot_first_time,shot_technique_id,shot_technique_name,shot_body_part_id,shot_body_part_name,shot_type_id,shot_type_name,shot_outcome_id,shot_outcome_name,shot_freeze_frame,goalkeeper_end_location,goalkeeper_position_id,goalkeeper_position_name,goalkeeper_type_id,goalkeeper_type_name,pass_cross,duel_type_id,duel_type_name,pass_aerial_won,goalkeeper_outcome_id,goalkeeper_outcome_name,duel_outcome_id,duel_outcome_name,dribble_outcome_id,dribble_outcome_name,foul_committed_card_id,foul_committed_card_name,interception_outcome_id,interception_outcome_name,goalkeeper_body_part_id,goalkeeper_body_part_name,goalkeeper_technique_id,goalkeeper_technique_name,pass_backheel,dribble_overrun,block_offensive,pass_deflected,block_deflection,shot_aerial_won,foul_won_defensive,bad_behaviour_card_id,bad_behaviour_card_name,substitution_outcome_id,substitution_outcome_name,substitution_replacement_id,substitution_replacement_name,pass_cut_back,shot_one_on_one,foul_committed_advantage,foul_won_advantage,foul_committed_type_id,foul_committed_type_name,pass_goal_assist,x,y
65f16e50-7c5d-4293-b2fc-d20887a772f9,148,1,00:02:29.094,2,29,6,0.773778,16,Shot,217,Barcelona,1,Regular Play,217,Barcelona,,,['120a5097-ecfc-4f3c-820e-7046e186eb48'],"[111.7, 28.299999999999997]",5503.0,Lionel Andrés Messi Cuccittini,24.0,Left Center Forward,,,,,,,,,,,,,,,,,,,,,,,,,,0.07516442,"[120.0, 32.7, 0.2]",b96db2cb-9123-4596-9bfc-537a645c5991,True,91.0,Half Volley,40.0,Right Foot,87.0,Open Play,98.0,Off T,"[{'location': [96.4, 53.9], 'player': {'id': 6379, 'name': 'Sergi Roberto Carnicer'}, 'position': {'id': 12, 'name': 'Right Midfield'}, 'teammate': True}, {'location': [97.2, 25.8], 'player': {'id': 5477, 'name': 'Ousmane Dembélé'}, 'position': {'id': 16, 'name': 'Left Midfield'}, 'teammate': True}, {'location': [92.7, 44.7], 'player': {'id': 6839, 'name': 'Daniel Alejandro Torres Rojas'}, 'position': {'id': 10, 'name': 'Center Defensive Midfield'}, 'teammate': False}, {'location': [91.7, 50.0], 'player': {'id': 6632, 'name': 'Manuel Alejandro García Sánchez'}, 'position': {'id': 15, 'name': 'Left Center Midfield'}, 'teammate': False}, {'location': [84.0, 61.7], 'player': {'id': 6581, 'name': 'Jonathan Rodríguez Menéndez'}, 'position': {'id': 16, 'name': 'Left Midfield'}, 'teammate': False}, {'location': [117.7, 45.4], 'player': {'id': 6629, 'name': 'Fernando Pacheco Flores'}, 'position': {'id': 1, 'name': 'Goalkeeper'}, 'teammate': False}, {'location': [102.4, 29.6], 'player': {'id': 6618, 'name': 'Martín Aguirregabiria Padilla'}, 'position': {'id': 2, 'name': 'Right Back'}, 'teammate': False}, {'location': [107.5, 41.8], 'player': {'id': 6615, 'name': 'Víctor Laguardia Cisneros'}, 'position': {'id': 3, 'name': 'Right Center Back'}, 'teammate': False}, {'location': [112.4, 50.6], 'player': {'id': 6855, 'name': 'Guillermo Alfonso Maripán Loaysa'}, 'position': {'id': 5, 'name': 'Left Center Back'}, 'teammate': False}, {'location': [106.3, 50.3], 'player': {'id': 6612, 'name': 'Rubén Duarte Sánchez'}, 'position': {'id': 6, 'name': 'Left Back'}, 'teammate': False}, {'location': [103.7, 44.1], 'player': {'id': 5246, 'name': 'Luis Alberto Suárez Díaz'}, 'position': {'id': 22, 'name': 'Right Center Forward'}, 'teammate': True}]",,,,,,,,,,,,,,,,,,,,,,,,,,,,,,,,,,,,,,,,,,,,111.7,28.299999999999997
b0f73423-3990-45ae-9dda-3512c2d1aff3,283,1,00:05:39.239,5,39,11,0.653182,16,Shot,217,Barcelona,1,Regular Play,217,Barcelona,,,['bd61295e-a335-48cf-a90c-cdf051a9a273'],"[114.0, 53.0]",5211.0,Jordi Alba Ramos,6.0,Left Back,,,,,,,,,,,,,,,,,,,,,,,,,,0.06289183,"[120.0, 35.0, 0.9]",b8404e6a-e89e-40fd-8a15-e91c7b460157,True,95.0,Volley,38.0,Left Foot,87.0,Open Play,98.0,Off T,"[{'location': [106.0, 54.5], 'player': {'id': 6612, 'name': 'Rubén Duarte Sánchez'}, 'position': {'id': 6, 'name': 'Left Back'}, 'teammate': False}, {'location': [107.1, 41.6], 'player': {'id': 6855, 'name': 'Guillermo Alfonso Maripán Loaysa'}, 'position': {'id': 5, 'name': 'Left Center Back'}, 'teammate': False}, {'location': [108.6, 36.4], 'player': {'id': 6615, 'name': 'Víctor Laguardia Cisneros'}, 'position': {'id': 3, 'name': 'Right Center Back'}, 'teammate': False}, {'location': [108.0, 31.0], 'player': {'id': 5246, 'name': 'Luis Alberto Suárez Díaz'}, 'position': {'id': 22, 'name': 'Right Center Forward'}, 'teammate': True}, {'location': [97.5, 54.6], 'player': {'id': 5503, 'name': 'Lionel Andrés Messi Cuccittini'}, 'position': {'id': 24, 'name': 'Left Center Forward'}, 'teammate': True}, {'location': [99.9, 59.6], 'player': {'id': 6374, 'name': 'Nélson Cabral Semedo'}, 'position': {'id': 2, 'name': 'Right Back'}, 'teammate': True}, {'location': [98.8, 65.2], 'player': {'id': 6379, 'name': 'Sergi Roberto Carnicer'}, 'position': {'id': 12, 'name': 'Right Midfield'}, 'teammate': True}, {'location': [87.0, 51.2], 'player': {'id': 5203, 'name': 'Sergio Busquets i Burgos'}, 'position': {'id': 13, 'name': 'Right Center Midfield'}, 'teammate': True}, {'location': [92.4, 37.1], 'player': {'id': 5470, 'name': 'Ivan Rakitić'}, 'position': {'id': 15, 'name': 'Left Center Midfield'}, 'teammate': True}, {'location': [119.0, 36.6], 'player': {'id': 6629, 'name': 'Fernando Pacheco Flores'}, 'position': {'id': 1, 'name': 'Goalkeeper'}, 'teammate': False}, {'location': [98.4, 43.7], 'player': {'id': 6839, 'name': 'Daniel Alejandro Torres Rojas'}, 'position': {'id': 10, 'name': 'Center Defensive Midfield'}, 'teammate': False}, {'location': [96.0, 50.9], 'player': {'id': 6632, 'name': 'Manuel Alejandro García Sánchez'}, 'position': {'id': 15, 'name': 'Left Center Midfield'}, 'teammate': False}, {'location': [93.9, 54.8], 'player': {'id': 6581, 'name': 'Jonathan Rodríguez Menéndez'}, 'position': {'id': 16, 'name': 'Left Midfield'}, 'teammate': False}, {'location': [94.7, 43.3], 'player': {'id': 6626, 'name': 'Mubarak Wakaso'}, 'position': {'id': 13, 'name': 'Right Center Midfield'}, 'teammate': False}, {'location': [101.3, 29.0], 'player': {'id': 6617, 'name': 'Ibai Gómez Pérez'}, 'position': {'id': 12, 'name': 'Right Midfield'}, 'teammate': False}, {'location': [101.0, 46.5], 'player': {'id': 5477, 'name': 'Ousmane Dembélé'}, 'position': {'id': 16, 'name': 'Left Midfield'}, 'teammate': True}, {'location': [112.8, 30.5], 'player': {'id': 6618, 'name': 'Martín Aguirregabiria Padilla'}, 'position': {'id': 2, 'name': 'Right Back'}, 'teammate': False}]",,,,,,,,,,,,,,,,,,,,,,,,,,,,,,,,,,,,,,,,,,,,114.0,53.0
13b1ddab-d22e-43d9-bfe4-12632fea1a27,755,1,00:15:28.625,15,28,26,1.033587,16,Shot,217,Barcelona,8,From Keeper,217,Barcelona,,,['f5fa15a1-4fb6-4435-9139-f99e05b90646'],"[92.0, 45.5]",5503.0,Lionel Andrés Messi Cuccittini,24.0,Left Center Forward,,,,,,,,,,,,,,,,,,,,,,,,,,0.020535383,"[117.8, 38.5, 0.4]",,,93.0,Normal,38.0,Left Foot,87.0,Open Play,100.0,Saved,"[{'location': [100.3, 37.2], 'player': {'id': 5477, 'name': 'Ousmane Dembélé'}, 'position': {'id': 16, 'name': 'Left Midfield'}, 'teammate': True}, {'location': [99.3, 25.8], 'player': {'id': 5246, 'name': 'Luis Alberto Suárez Díaz'}, 'position': {'id': 22, 'name': 'Right Center Forward'}, 'teammate': True}, {'location': [94.4, 36.1], 'player': {'id': 6632, 'name': 'Manuel Alejandro García Sánchez'}, 'position': {'id': 15, 'name': 'Left Center Midfield'}, 'teammate': False}, {'location': [95.2, 41.8], 'player': {'id': 6839, 'name': 'Daniel Alejandro Torres Rojas'}, 'position': {'id': 10, 'name': 'Center Defensive Midfield'}, 'teammate': False}, {'location': [100.0, 43.8], 'player': {'id': 6855, 'name': 'Guillermo Alfonso Maripán Loaysa'}, 'position': {'id': 5, 'name': 'Left Center Back'}, 'teammate': False}, {'location': [82.5, 54.6], 'player': {'id': 6617, 'name': 'Ibai Gómez Pérez'}, 'position': {'id': 12, 'name': 'Right Midfield'}, 'teammate': False}, {'location': [82.4, 24.4], 'player': {'id': 5470, 'name': 'Ivan Rakitić'}, 'position': {'id': 15, 'name': 'Left Center Midfield'}, 'teammate': True}, {'location': [78.6, 60.5], 'player': {'id': 6374, 'name': 'Nélson Cabral Semedo'}, 'position': {'id': 2, 'name': 'Right Back'}, 'teammate': True}, {'location': [96.9, 36.0], 'player': {'id': 6615, 'name': 'Víctor Laguardia Cisneros'}, 'position': {'id': 3, 'name': 'Right Center Back'}, 'teammate': False}, {'location': [91.7, 45.6], 'player': {'id': 6612, 'name': 'Rubén Duarte Sánchez'}, 'position': {'id': 6, 'name': 'Left Back'}, 'teammate': False}, {'location': [84.8, 20.9], 'player': {'id': 5211, 'name': 'Jordi Alba Ramos'}, 'position': {'id': 6, 'name': 'Left Back'}, 'teammate': True}, {'location': [87.4, 35.5], 'player': {'id': 5203, 'name': 'Sergio Busquets i Burgos'}, 'position': {'id': 13, 'name': 'Right Center Midfield'}, 'teammate': True}, {'location': [87.3, 37.7], 'player': {'id': 6626, 'name': 'Mubarak Wakaso'}, 'position': {'id': 13, 'name': 'Right Center Midfield'}, 'teammate': False}, {'location': [84.6, 43.2], 'player': {'id': 6379, 'name': 'Sergi Roberto Carnicer'}, 'position': {'id': 12, 'name': 'Right Midfield'}, 'teammate': True}, {'location': [99.9, 30.5], 'player': {'id': 6618, 'name': 'Martín Aguirregabiria Padilla'}, 'position': {'id': 2, 'name': 'Right Back'}, 'teammate': False}, {'location': [117.9, 39.8], 'player': {'id': 6629, 'name': 'Fernando Pacheco Flores'}, 'position': {'id': 1, 'name': 'Goalkeeper'}, 'teammate': False}]",,,,,,,,,,,,,,,,,,,,,,,,,,,,,,,,,,,,,,,,,,,,92.0,45.5
391bfb74-07a6-4afe-9568-02a9b23f5bd4,788,1,00:16:19.616,16,19,30,1.240729,16,Shot,206,Deportivo Alavés,1,Regular Play,206,Deportivo Alavés,,,"['5fd525a3-12da-405b-ace4-49007502590a', 'b1f861bd-df1c-4cda-9148-b6982e38969c']","[109.1, 41.3]",6613.0,Rubén Sobrino Pozuelo,23.0,Center Forward,,,,,,,,,,,,,,,,,,,True,,,,,,,0.09623431,"[120.0, 32.0, 1.1]",ce7a1f84-c7fc-4c08-a859-00fb1c6ba859,,93.0,Normal,37.0,Head,87.0,Open Play,98.0,Off T,"[{'location': [110.0, 39.8], 'player': {'id': 5211, 'name': 'Jordi Alba Ramos'}, 'position': {'id': 6, 'name': 'Left Back'}, 'teammate': False}, {'location': [108.4, 34.4], 'player': {'id': 5492, 'name': 'Samuel Yves Umtiti'}, 'position': {'id': 5, 'name': 'Left Center Back'}, 'teammate': False}, {'location': [102.7, 24.8], 'player': {'id': 6617, 'name': 'Ibai Gómez Pérez'}, 'position': {'id': 12, 'name': 'Right Midfield'}, 'teammate': True}, {'location': [103.3, 30.9], 'player': {'id': 6581, 'name': 'Jonathan Rodríguez Menéndez'}, 'position': {'id': 16, 'name': 'Left Midfield'}, 'teammate': True}, {'location': [101.1, 20.1], 'player': {'id': 6374, 'name': 'Nélson Cabral Semedo'}, 'position': {'id': 2, 'name': 'Right Back'}, 'teammate': False}, {'location': [98.7, 15.0], 'player': {'id': 6632, 'name': 'Manuel Alejandro García Sánchez'}, 'position': {'id': 15, 'name': 'Left Center Midfield'}, 'teammate': True}, {'location': [99.3, 25.5], 'player': {'id': 5203, 'name': 'Sergio Busquets i Burgos'}, 'position': {'id': 13, 'name': 'Right Center Midfield'}, 'teammate': False}, {'location': [94.2, 24.0], 'player': {'id': 6379, 'name': 'Sergi Roberto Carnicer'}, 'position': {'id': 12, 'name': 'Right Midfield'}, 'teammate': False}, {'location': [95.3, 31.9], 'player': {'id': 5470, 'name': 'Ivan Rakitić'}, 'position': {'id': 15, 'name': 'Left Center Midfield'}, 'teammate': False}, {'location': [117.6, 39.1], 'player': {'id': 20055, 'name': 'Marc-André ter Stegen'}, 'position': {'id': 1, 'name': 'Goalkeeper'}, 'teammate': False}, {'location': [103.7, 20.3], 'player': {'id': 5213, 'name': 'Gerard Piqué Bernabéu'}, 'position': {'id': 3, 'name': 'Right Center Back'}, 'teammate': False}]",,,,,,,,,,,,,,,,,,,,,,,,,,,,,,,,,,,,,,,,,,,,109.1,41.3
5e55f5a5-954f-4cc4-ba6e-a9cf6d6e249e,842,1,00:18:15.914,18,15,33,1.292568,16,Shot,217,Barcelona,2,From Corner,217,Barcelona,,,['9a4151cb-e9af-48c0-a079-606605248aa6'],"[107.0, 55.0]",5246.0,Luis Alberto Suárez Díaz,22.0,Right Center Forward,,,,,,,,,,,,,,,,,,,,,,,,,,0.035420228,"[120.0, 42.5, 3.8]",,,93.0,Normal,40.0,Right Foot,87.0,Open Play,98.0,Off T,"[{'location': [105.3, 52.3], 'player': {'id': 6626, 'name': 'Mubarak Wakaso'}, 'position': {'id': 13, 'name': 'Right Center Midfield'}, 'teammate': False}, {'location': [113.7, 57.1], 'player': {'id': 5477, 'name': 'Ousmane Dembélé'}, 'position': {'id': 16, 'name': 'Left Midfield'}, 'teammate': True}, {'location': [111.4, 49.7], 'player': {'id': 6581, 'name': 'Jonathan Rodríguez Menéndez'}, 'position': {'id': 16, 'name': 'Left Midfield'}, 'teammate': False}, {'location': [112.6, 45.2], 'player': {'id': 6613, 'name': 'Rubén Sobrino Pozuelo'}, 'position': {'id': 23, 'name': 'Center Forward'}, 'teammate': False}, {'location': [112.5, 41.8], 'player': {'id': 6612, 'name': 'Rubén Duarte Sánchez'}, 'position': {'id': 6, 'name': 'Left Back'}, 'teammate': False}, {'location': [118.6, 36.9], 'player': {'id': 6629, 'name': 'Fernando Pacheco Flores'}, 'position': {'id': 1, 'name': 'Goalkeeper'}, 'teammate': False}, {'location': [105.2, 48.7], 'player': {'id': 5503, 'name': 'Lionel Andrés Messi Cuccittini'}, 'position': {'id': 24, 'name': 'Left Center Forward'}, 'teammate': True}, {'location': [98.3, 44.1], 'player': {'id': 6617, 'name': 'Ibai Gómez Pérez'}, 'position': {'id': 12, 'name': 'Right Midfield'}, 'teammate': False}, {'location': [98.7, 30.0], 'player': {'id': 5470, 'name': 'Ivan Rakitić'}, 'position': {'id': 15, 'name': 'Left Center Midfield'}, 'teammate': True}, {'location': [89.9, 52.1], 'player': {'id': 6379, 'name': 'Sergi Roberto Carnicer'}, 'position': {'id': 12, 'name': 'Right Midfield'}, 'teammate': True}, {'location': [110.3, 34.0], 'player': {'id': 5213, 'name': 'Gerard Piqué Bernabéu'}, 'position': {'id': 3, 'name': 'Right Center Back'}, 'teammate': True}, {'location': [111.9, 33.9], 'player': {'id': 6615, 'name': 'Víctor Laguardia Cisneros'}, 'position': {'id': 3, 'name': 'Right Center Back'}, 'teammate': False}, {'location': [112.3, 38.8], 'player': {'id': 6632, 'name': 'Manuel Alejandro García Sánchez'}, 'position': {'id': 15, 'name': 'Left Center Midfield'}, 'teammate': False}, {'location': [113.5, 40.3], 'player': {'id': 6855, 'name': 'Guillermo Alfonso Maripán Loaysa'}, 'position': {'id': 5, 'name': 'Left Center Back'}, 'teammate': False}, {'location': [113.6, 42.9], 'player': {'id': 5203, 'name': 'Sergio Busquets i Burgos'}, 'position': {'id': 13, 'name': 'Right Center Midfield'}, 'teammate': True}, {'location': [113.6, 39.3], 'player': {'id': 5492, 'name': 'Samuel Yves Umtiti'}, 'position': {'id': 5, 'name': 'Left Center Back'}, 'teammate': True}, {'location': [105.3, 31.9], 'player': {'id': 6839, 'name': 'Daniel Alejandro Torres Rojas'}, 'position': {'id': 10, 'name': 'Center Defensive Midfield'}, 'teammate': False}, {'location': [109.7, 26.8], 'player': {'id': 6618, 'name': 'Martín Aguirregabiria Padilla'}, 'position': {'id': 2, 'name': 'Right Back'}, 'teammate': False}]",,,,,,,,,,,,,,,,,,,,,,,,,,,,,,,,,,,,,,,,,,,,107.0,55.0
1c0347cd-14dc-4aa8-91eb-520672a6cfe1,1395,1,00:30:42.287,30,42,51,2.209495,16,Shot,217,Barcelona,1,Regular Play,217,Barcelona,,,"['14ce0f0f-9b34-4dab-bed8-40553c653414', '89eef00a-7c63-4f2c-9bda-737d7c12f93d']","[108.1, 52.6]",5477.0,Ousmane Dembélé,16.0,Left Midfield,,,,,,,,,,,,,,,,,,,True,,,,,,,0.08991982,"[120.0, 58.6, 0.2]",eb4ecaf2-ba21-4e1e-9a0a-2033f27d47bb,True,91.0,Half Volley,38.0,Left Foot,87.0,Open Play,98.0,Off T,"[{'location': [117.7, 37.0], 'player': {'id': 6629, 'name': 'Fernando Pacheco Flores'}, 'position': {'id': 1, 'name': 'Goalkeeper'}, 'teammate': False}, {'location': [98.0, 49.6], 'player': {'id': 6379, 'name': 'Sergi Roberto Carnicer'}, 'position': {'id': 12, 'name': 'Right Midfield'}, 'teammate': True}, {'location': [104.1, 45.0], 'player': {'id': 6612, 'name': 'Rubén Duarte Sánchez'}, 'position': {'id': 6, 'name': 'Left Back'}, 'teammate': False}, {'location': [106.5, 29.7], 'player': {'id': 6618, 'name': 'Martín Aguirregabiria Padilla'}, 'position': {'id': 2, 'name': 'Right Back'}, 'teammate': False}, {'location': [108.5, 29.4], 'player': {'id': 6615, 'name': 'Víctor Laguardia Cisneros'}, 'position': {'id': 3, 'name': 'Right Center Back'}, 'teammate': False}, {'location': [95.2, 37.5], 'player': {'id': 6632, 'name': 'Manuel Alejandro García Sánchez'}, 'position': {'id': 15, 'name': 'Left Center Midfield'}, 'teammate': False}, {'location': [97.8, 29.4], 'player': {'id': 6839, 'name': 'Daniel Alejandro Torres Rojas'}, 'position': {'id': 10, 'name': 'Center Defensive Midfield'}, 'teammate': False}, {'location': [91.4, 53.0], 'player': {'id': 6581, 'name': 'Jonathan Rodríguez Menéndez'}, 'position': {'id': 16, 'name': 'Left Midfield'}, 'teammate': False}]",,,,,,,,,,,,,,,,,,,,,,,,,,,,,,,,,,,,,,,,,,,,108.1,52.6
7c3182af-c8a8-4c7c-934e-5c41c7b93c6a,1621,1,00:35:04.861,35,4,57,0.927035,16,Shot,217,Barcelona,2,From Corner,217,Barcelona,,,"['061d9466-6ca4-4310-935b-848f31e9b23d', 'bbb17720-a6ef-4689-8379-51adf78ec76e']","[112.0, 36.3]",5470.0,Ivan Rakitić,15.0,Left Center Midfield,,,,,,,,,,,,,,,,,,,True,,,,,,,0.07136511,"[120.0, 33.0, 1.0]",d0f71fc6-8e6c-42ff-b74f-c4fd6924d468,,93.0,Normal,37.0,Head,87.0,Open Play,98.0,Off T,"[{'location': [104.2, 60.2], 'player': {'id': 5503, 'name': 'Lionel Andrés Messi Cuccittini'}, 'position': {'id': 24, 'name': 'Left Center Forward'}, 'teammate': True}, {'location': [104.4, 57.9], 'player': {'id': 6617, 'name': 'Ibai Gómez Pérez'}, 'position': {'id': 12, 'name': 'Right Midfield'}, 'teammate': False}, {'location': [109.1, 59.2], 'player': {'id': 6626, 'name': 'Mubarak Wakaso'}, 'position': {'id': 13, 'name': 'Right Center Midfield'}, 'teammate': False}, {'location': [96.0, 62.7], 'player': {'id': 6379, 'name': 'Sergi Roberto Carnicer'}, 'position': {'id': 12, 'name': 'Right Midfield'}, 'teammate': True}, {'location': [110.8, 50.0], 'player': {'id': 6618, 'name': 'Martín Aguirregabiria Padilla'}, 'position': {'id': 2, 'name': 'Right Back'}, 'teammate': False}, {'location': [98.0, 45.2], 'player': {'id': 5203, 'name': 'Sergio Busquets i Burgos'}, 'position': {'id': 13, 'name': 'Right Center Midfield'}, 'teammate': True}, {'location': [102.7, 43.0], 'player': {'id': 6612, 'name': 'Rubén Duarte Sánchez'}, 'position': {'id': 6, 'name': 'Left Back'}, 'teammate': False}, {'location': [110.9, 45.8], 'player': {'id': 6632, 'name': 'Manuel Alejandro García Sánchez'}, 'position': {'id': 15, 'name': 'Left Center Midfield'}, 'teammate': False}, {'location': [114.1, 45.0], 'player': {'id': 5246, 'name': 'Luis Alberto Suárez Díaz'}, 'position': {'id': 22, 'name': 'Right Center Forward'}, 'teammate': True}, {'location': [119.5, 41.1], 'player': {'id': 6629, 'name': 'Fernando Pacheco Flores'}, 'position': {'id': 1, 'name': 'Goalkeeper'}, 'teammate': False}, {'location': [114.9, 40.6], 'player': {'id': 6855, 'name': 'Guillermo Alfonso Maripán Loaysa'}, 'position': {'id': 5, 'name': 'Left Center Back'}, 'teammate': False}, {'location': [112.2, 42.2], 'player': {'id': 6839, 'name': 'Daniel Alejandro Torres Rojas'}, 'position': {'id': 10, 'name': 'Center Defensive Midfield'}, 'teammate': False}, {'location': [112.4, 41.6], 'player': {'id': 5213, 'name': 'Gerard Piqué Bernabéu'}, 'position': {'id': 3, 'name': 'Right Center Back'}, 'teammate': True}, {'location': [112.7, 40.9], 'player': {'id': 6615, 'name': 'Víctor Laguardia Cisneros'}, 'position': {'id': 3, 'name': 'Right Center Back'}, 'teammate': False}, {'location': [113.3, 40.2], 'player': {'id': 5492, 'name': 'Samuel Yves Umtiti'}, 'position': {'id': 5, 'name': 'Left Center Back'}, 'teammate': True}, {'location': [112.5, 32.5], 'player': {'id': 6613, 'name': 'Rubén Sobrino Pozuelo'}, 'position': {'id': 23, 'name': 'Center Forward'}, 'teammate': False}, {'location': [96.0, 31.9], 'player': {'id': 6581, 'name': 'Jonathan Rodríguez Menéndez'}, 'position': {'id': 16, 'name': 'Left Midfield'}, 'teammate': False}, {'location': [110.6, 20.1], 'player': {'id': 5477, 'name': 'Ousmane Dembélé'}, 'position': {'id': 16, 'name': 'Left Midfield'}, 'teammate': True}]",,,,,,,,,,,,,,,,,,,,,,,,,,,,,True,,,,,,,,,,,,,,,112.0,36.3
39f231e5-0072-461c-beb0-a9bedb420f83,1666,1,00:37:28.168,37,28,59,1.133037,16,Shot,217,Barcelona,3,From Free Kick,217,Barcelona,,,['ec0dd945-cb6c-476f-91a3-00528801377f'],"[97.0, 26.0]",5503.0,Lionel Andrés Messi Cuccittini,24.0,Left Center Forward,,,,,,,,,,,,,,,,,,,,,,,,,,0.07888631,"[120.0, 43.0, 2.8]",,,93.0,Normal,38.0,Left Foot,62.0,Free Kick,99.0,Post,"[{'location': [93.8, 48.2], 'player': {'id': 5246, 'name': 'Luis Alberto Suárez Díaz'}, 'position': {'id': 22, 'name': 'Right Center Forward'}, 'teammate': True}, {'location': [98.2, 32.5], 'player': {'id': 5492, 'name': 'Samuel Yves Umtiti'}, 'position': {'id': 5, 'name': 'Left Center Back'}, 'teammate': True}, {'location': [105.8, 37.4], 'player': {'id': 6617, 'name': 'Ibai Gómez Pérez'}, 'position': {'id': 12, 'name': 'Right Midfield'}, 'teammate': False}, {'location': [107.3, 34.5], 'player': {'id': 5477, 'name': 'Ousmane Dembélé'}, 'position': {'id': 16, 'name': 'Left Midfield'}, 'teammate': True}, {'location': [120.0, 39.0], 'player': {'id': 6629, 'name': 'Fernando Pacheco Flores'}, 'position': {'id': 1, 'name': 'Goalkeeper'}, 'teammate': False}, {'location': [107.5, 39.1], 'player': {'id': 6615, 'name': 'Víctor Laguardia Cisneros'}, 'position': {'id': 3, 'name': 'Right Center Back'}, 'teammate': False}, {'location': [107.5, 36.8], 'player': {'id': 6618, 'name': 'Martín Aguirregabiria Padilla'}, 'position': {'id': 2, 'name': 'Right Back'}, 'teammate': False}, {'location': [107.1, 43.3], 'player': {'id': 6612, 'name': 'Rubén Duarte Sánchez'}, 'position': {'id': 6, 'name': 'Left Back'}, 'teammate': False}, {'location': [107.5, 44.1], 'player': {'id': 5213, 'name': 'Gerard Piqué Bernabéu'}, 'position': {'id': 3, 'name': 'Right Center Back'}, 'teammate': True}, {'location': [107.3, 50.3], 'player': {'id': 6632, 'name': 'Manuel Alejandro García Sánchez'}, 'position': {'id': 15, 'name': 'Left Center Midfield'}, 'teammate': False}, {'location': [106.9, 49.4], 'player': {'id': 6613, 'name': 'Rubén Sobrino Pozuelo'}, 'position': {'id': 23, 'name': 'Center Forward'}, 'teammate': False}, {'location': [106.8, 48.9], 'player': {'id': 6855, 'name': 'Guillermo Alfonso Maripán Loaysa'}, 'position': {'id': 5, 'name': 'Left Center Back'}, 'teammate': False}, {'location': [106.6, 48.2], 'player': {'id': 6839, 'name': 'Daniel Alejandro Torres Rojas'}, 'position': {'id': 10, 'name': 'Center Defensive Midfield'}, 'teammate': False}, {'location': [106.3, 47.4], 'player': {'id': 6581, 'name': 'Jonathan Rodríguez Menéndez'}, 'position': {'id': 16, 'name': 'Left Midfield'}, 'teammate': False}, {'location': [107.2, 47.3], 'player': {'id': 5470, 'name': 'Ivan Rakitić'}, 'position': {'id': 15, 'name': 'Left Center Midfield'}, 'teammate': True}, {'location': [107.5, 46.2], 'player': {'id': 6626, 'name': 'Mubarak Wakaso'}, 'position': {'id': 13, 'name': 'Right Center Midfield'}, 'teammate': False}, {'location': [107.5, 45.5], 'player': {'id': 5203, 'name': 'Sergio Busquets i Burgos'}, 'position': {'id': 13, 'name': 'Right Center Midfield'}, 'teammate': True}]",,,,,,,,,,,,,,,,,,,,,,,,,,,,,,,,,,,,,,,,,,,,97.0,26.0
062cdd08-8773-424f-8fc5-2e3d441c3c5c,1670,1,00:37:30.989,37,30,59,1.159631,16,Shot,217,Barcelona,3,From Free Kick,217,Barcelona,,,"['95c197a3-2904-4eb5-9f94-7de9be5496ac', 'f4ee0590-5234-4970-9507-b7e80b203900']","[112.3, 38.6]",5213.0,Gerard Piqué Bernabéu,3.0,Right Center Back,,,,,,,,,,,,,,,,,,,True,,,,,,,0.17121752,"[120.0, 36.6, 3.7]",,,93.0,Normal,37.0,Head,87.0,Open Play,98.0,Off T,"[{'location': [120.0, 43.2], 'player': {'id': 6629, 'name': 'Fernando Pacheco Flores'}, 'position': {'id': 1, 'name': 'Goalkeeper'}, 'teammate': False}, {'location': [112.0, 40.2], 'player': {'id': 6612, 'name': 'Rubén Duarte Sánchez'}, 'position': {'id': 6, 'name': 'Left Back'}, 'teammate': False}, {'location': [115.8, 38.3], 'player': {'id': 6618, 'name': 'Martín Aguirregabiria Padilla'}, 'position': {'id': 2, 'name': 'Right Back'}, 'teammate': False}, {'location': [118.2, 39.9], 'player': {'id': 6615, 'name': 'Víctor Laguardia Cisneros'}, 'position': {'id': 3, 'name': 'Right Center Back'}, 'teammate': False}, {'location': [115.4, 45.9], 'player': {'id': 5470, 'name': 'Ivan Rakitić'}, 'position': {'id': 15, 'name': 'Left Center Midfield'}, 'teammate': True}, {'location': [111.6, 46.7], 'player': {'id': 6632, 'name': 'Manuel Alejandro García Sánchez'}, 'position': {'id': 15, 'name': 'Left Center Midfield'}, 'teammate': False}, {'location': [111.2, 44.3], 'player': {'id': 6855, 'name': 'Guillermo Alfonso Maripán Loaysa'}, 'position': {'id': 5, 'name': 'Left Center Back'}, 'teammate': False}, {'location': [109.5, 42.9], 'player': {'id': 5203, 'name': 'Sergio Busquets i Burgos'}, 'position': {'id': 13, 'name': 'Right Center Midfield'}, 'teammate': True}, {'location': [107.3, 45.7], 'player': {'id': 6626, 'name': 'Mubarak Wakaso'}, 'position': {'id': 13, 'name': 'Right Center Midfield'}, 'teammate': False}, {'location': [105.2, 46.9], 'player': {'id': 6613, 'name': 'Rubén Sobrino Pozuelo'}, 'position': {'id': 23, 'name': 'Center Forward'}, 'teammate': False}, {'location': [104.7, 45.1], 'player': {'id': 6839, 'name': 'Daniel Alejandro Torres Rojas'}, 'position': {'id': 10, 'name': 'Center Defensive Midfield'}, 'teammate': False}, {'location': [103.2, 47.2], 'player': {'id': 6581, 'name': 'Jonathan Rodríguez Menéndez'}, 'position': {'id': 16, 'name': 'Left Midfield'}, 'teammate': False}, {'location': [104.2, 38.0], 'player': {'id': 6617, 'name': 'Ibai Gómez Pérez'}, 'position': {'id': 12, 'name': 'Right Midfield'}, 'teammate': False}, {'location': [109.8, 31.7], 'player': {'id': 5477, 'name': 'Ousmane Dembélé'}, 'position': {'id': 16, 'name': 'Left Midfield'}, 'teammate': True}, {'location': [102.3, 60.0], 'player': {'id': 5503, 'name': 'Lionel Andrés Messi Cuccittini'}, 'position': {'id': 24, 'name': 'Left Center Forward'}, 'teammate': True}]",,,,,,,,,,,,,,,,,,,,,,,,,,,,,True,,,,,,,,,,,,,,,112.3,38.6
c09e904d-6c8e-479d-af2e-c2c5863aca71,1700,1,00:38:28.083,38,28,61,0.423716,16,Shot,217,Barcelona,1,Regular Play,217,Barcelona,,,['879163bf-0f0f-4890-9139-38780f24fe2e'],"[102.5, 50.8]",5477.0,Ousmane Dembélé,16.0,Left Midfield,,,,,,,,,,,,,,,,,,,,,,,,,,0.22609548,"[113.0, 37.4, 1.1]",fc911911-be61-4fcd-a172-9b7fb06454b8,True,93.0,Normal,40.0,Right Foot,87.0,Open Play,100.0,Saved,"[{'location': [87.2, 40.8], 'player': {'id': 6612, 'name': 'Rubén Duarte Sánchez'}, 'position': {'id': 6, 'name': 'Left Back'}, 'teammate': False}, {'location': [84.6, 34.8], 'player': {'id': 6839, 'name': 'Daniel Alejandro Torres Rojas'}, 'position': {'id': 10, 'name': 'Center Defensive Midfield'}, 'teammate': False}, {'location': [87.0, 37.6], 'player': {'id': 6626, 'name': 'Mubarak Wakaso'}, 'position': {'id': 13, 'name': 'Right Center Midfield'}, 'teammate': False}, {'location': [93.4, 38.2], 'player': {'id': 5503, 'name': 'Lionel Andrés Messi Cuccittini'}, 'position': {'id': 24, 'name': 'Left Center Forward'}, 'teammate': True}, {'location': [99.3, 29.2], 'player': {'id': 6618, 'name': 'Martín Aguirregabiria Padilla'}, 'position': {'id': 2, 'name': 'Right Back'}, 'teammate': False}, {'location': [96.7, 35.2], 'player': {'id': 6615, 'name': 'Víctor Laguardia Cisneros'}, 'position': {'id': 3, 'name': 'Right Center Back'}, 'teammate': False}, {'location': [100.7, 32.4], 'player': {'id': 6855, 'name': 'Guillermo Alfonso Maripán Loaysa'}, 'position': {'id': 5, 'name': 'Left Center Back'}, 'teammate': False}, {'location': [92.9, 28.3], 'player': {'id': 5246, 'name': 'Luis Alberto Suárez Díaz'}, 'position': {'id': 22, 'name': 'Right Center Forward'}, 'teammate': True}, {'location': [113.0, 37.1], 'player': {'id': 6629, 'name': 'Fernando Pacheco Flores'}, 'position': {'id': 1, 'name': 'Goalkeeper'}, 'teammate': False}]",,,,,,,,,,,,,,,,,,,,,,,,,,,,,,,,,,,,,,,,,,,,102.5,50.8
9eda2385-88bb-4c37-b039-a738c4cd8d4b,1764,1,00:40:34.592,40,34,64,1.273671,16,Shot,217,Barcelona,1,Regular Play,217,Barcelona,,,['7985ccb2-812e-46d9-8b93-228bd8ab5015'],"[109.3, 50.3]",5246.0,Luis Alberto Suárez Díaz,22.0,Right Center Forward,,,,,,,,,,,,,,,,,,,,,,,,,,0.25728956,"[119.1, 34.8]",a0c12aa7-4c6c-49ca-91a0-1797627c99cb,True,92.0,Lob,40.0,Right Foot,87.0,Open Play,101.0,Wayward,"[{'location': [80.3, 74.0], 'player': {'id': 5503, 'name': 'Lionel Andrés Messi Cuccittini'}, 'position': {'id': 24, 'name': 'Left Center Forward'}, 'teammate': True}, {'location': [78.1, 49.4], 'player': {'id': 6379, 'name': 'Sergi Roberto Carnicer'}, 'position': {'id': 12, 'name': 'Right Midfield'}, 'teammate': True}, {'location': [82.4, 24.6], 'player': {'id': 6839, 'name': 'Daniel Alejandro Torres Rojas'}, 'position': {'id': 10, 'name': 'Center Defensive Midfield'}, 'teammate': False}, {'location': [93.2, 14.9], 'player': {'id': 6618, 'name': 'Martín Aguirregabiria Padilla'}, 'position': {'id': 2, 'name': 'Right Back'}, 'teammate': False}, {'location': [89.2, 17.6], 'player': {'id': 5477, 'name': 'Ousmane Dembélé'}, 'position': {'id': 16, 'name': 'Left Midfield'}, 'teammate': True}, {'location': [108.2, 26.1], 'player': {'id': 6615, 'name': 'Víctor Laguardia Cisneros'}, 'position': {'id': 3, 'name': 'Right Center Back'}, 'teammate': False}, {'location': [103.1, 33.9], 'player': {'id': 6855, 'name': 'Guillermo Alfonso Maripán Loaysa'}, 'position': {'id': 5, 'name': 'Left Center Back'}, 'teammate': False}, {'location': [95.8, 48.8], 'player': {'id': 6612, 'name': 'Rubén Duarte Sánchez'}, 'position': {'id': 6, 'name': 'Left Back'}, 'teammate': False}, {'location': [113.1, 32.3], 'player': {'id': 6629, 'name': 'Fernando Pacheco Flores'}, 'position': {'id': 1, 'name': 'Goalkeeper'}, 'teammate': False}]",,,,,,,,,,,,,,,,,,,,,,,,,,,,,,,,,,,,,,,,,,,,109.3,50.3
0b56df83-958e-4a31-9e5a-d741b4bf95cf,1870,1,00:43:30.612,43,30,69,1.207057,16,Shot,217,Barcelona,3,From Free Kick,217,Barcelona,,,"['1feb6684-6a22-4173-96a0-1164220fde99', '9b61a498-afbb-42ca-b95c-c04b35439b9a']","[106.5, 46.5]",5477.0,Ousmane Dembélé,16.0,Left Midfield,,,,,,,,,,,,,,,,,,,True,,,,,,,0.14540197,"[120.0, 47.1, 1.1]",6746b6f0-d79a-42f7-8580-03deacfce9fa,True,93.0,Normal,40.0,Right Foot,87.0,Open Play,98.0,Off T,"[{'location': [108.1, 44.5], 'player': {'id': 6379, 'name': 'Sergi Roberto Carnicer'}, 'position': {'id': 12, 'name': 'Right Midfield'}, 'teammate': True}, {'location': [118.2, 37.6], 'player': {'id': 6629, 'name': 'Fernando Pacheco Flores'}, 'position': {'id': 1, 'name': 'Goalkeeper'}, 'teammate': False}, {'location': [109.8, 39.8], 'player': {'id': 6612, 'name': 'Rubén Duarte Sánchez'}, 'position': {'id': 6, 'name': 'Left Back'}, 'teammate': False}, {'location': [109.7, 38.8], 'player': {'id': 5246, 'name': 'Luis Alberto Suárez Díaz'}, 'position': {'id': 22, 'name': 'Right Center Forward'}, 'teammate': True}, {'location': [113.8, 29.1], 'player': {'id': 6615, 'name': 'Víctor Laguardia Cisneros'}, 'position': {'id': 3, 'name': 'Right Center Back'}, 'teammate': False}, {'location': [109.0, 33.0], 'player': {'id': 6839, 'name': 'Daniel Alejandro Torres Rojas'}, 'position': {'id': 10, 'name': 'Center Defensive Midfield'}, 'teammate': False}, {'location': [103.1, 23.9], 'player': {'id': 6617, 'name': 'Ibai Gómez Pérez'}, 'position': {'id': 12, 'name': 'Right Midfield'}, 'teammate': False}, {'location': [92.9, 32.0], 'player': {'id': 6626, 'name': 'Mubarak Wakaso'}, 'position': {'id': 13, 'name': 'Right Center Midfield'}, 'teammate': False}, {'location': [112.8, 37.3], 'player': {'id': 6855, 'name': 'Guillermo Alfonso Maripán Loaysa'}, 'position': {'id': 5, 'name': 'Left Center Back'}, 'teammate': False}, {'location': [114.6, 25.0], 'player': {'id': 5211, 'name': 'Jordi Alba Ramos'}, 'position': {'id': 6, 'name': 'Left Back'}, 'teammate': True}, {'location': [104.5, 37.1], 'player': {'id': 6632, 'name': 'Manuel Alejandro García Sánchez'}, 'position': {'id': 15, 'name': 'Left Center Midfield'}, 'teammate': False}, {'location': [107.5, 29.5], 'player': {'id': 6618, 'name': 'Martín Aguirregabiria Padilla'}, 'position': {'id': 2, 'name': 'Right Back'}, 'teammate': False}, {'location': [105.5, 36.0], 'player': {'id': 5503, 'name': 'Lionel Andrés Messi Cuccittini'}, 'position': {'id': 24, 'name': 'Left Center Forward'}, 'teammate': True}, {'location': [89.7, 57.5], 'player': {'id': 6581, 'name': 'Jonathan Rodríguez Menéndez'}, 'position': {'id': 16, 'name': 'Left Midfield'}, 'teammate': False}]",,,,,,,,,,,,,,,,,,,,,,,,,,,,,,,,,,,,,,,,,,,,106.5,46.5
79851101-0f47-48e2-bdac-2de2b2bc89cb,2103,2,00:02:39.524,47,39,80,0.134014,16,Shot,217,Barcelona,1,Regular Play,217,Barcelona,,,['4c7c0d5e-e734-4d23-a552-96864e369282'],"[116.9, 48.8]",5211.0,Jordi Alba Ramos,6.0,Left Back,,,,,,,,,,,,,,,,,,,,,,,,,,0.14364433,"[117.8, 34.0, 0.1]",37c1fac4-cd00-4f88-86bb-cd1af64ecd2b,,93.0,Normal,38.0,Left Foot,87.0,Open Play,100.0,Saved,"[{'location': [117.9, 34.3], 'player': {'id': 6629, 'name': 'Fernando Pacheco Flores'}, 'position': {'id': 1, 'name': 'Goalkeeper'}, 'teammate': False}, {'location': [113.8, 31.1], 'player': {'id': 6618, 'name': 'Martín Aguirregabiria Padilla'}, 'position': {'id': 2, 'name': 'Right Back'}, 'teammate': False}, {'location': [113.6, 33.8], 'player': {'id': 6615, 'name': 'Víctor Laguardia Cisneros'}, 'position': {'id': 3, 'name': 'Right Center Back'}, 'teammate': False}, {'location': [114.9, 37.1], 'player': {'id': 6855, 'name': 'Guillermo Alfonso Maripán Loaysa'}, 'position': {'id': 5, 'name': 'Left Center Back'}, 'teammate': False}, {'location': [115.0, 41.8], 'player': {'id': 6612, 'name': 'Rubén Duarte Sánchez'}, 'position': {'id': 6, 'name': 'Left Back'}, 'teammate': False}, {'location': [111.3, 37.5], 'player': {'id': 5503, 'name': 'Lionel Andrés Messi Cuccittini'}, 'position': {'id': 17, 'name': 'Right Wing'}, 'teammate': True}, {'location': [110.0, 35.1], 'player': {'id': 6839, 'name': 'Daniel Alejandro Torres Rojas'}, 'position': {'id': 10, 'name': 'Center Defensive Midfield'}, 'teammate': False}, {'location': [106.8, 37.9], 'player': {'id': 6632, 'name': 'Manuel Alejandro García Sánchez'}, 'position': {'id': 15, 'name': 'Left Center Midfield'}, 'teammate': False}, {'location': [97.6, 30.9], 'player': {'id': 6626, 'name': 'Mubarak Wakaso'}, 'position': {'id': 13, 'name': 'Right Center Midfield'}, 'teammate': False}, {'location': [98.4, 23.4], 'player': {'id': 6617, 'name': 'Ibai Gómez Pérez'}, 'position': {'id': 12, 'name': 'Right Midfield'}, 'teammate': False}, {'location': [108.4, 49.9], 'player': {'id': 5246, 'name': 'Luis Alberto Suárez Díaz'}, 'position': {'id': 23, 'name': 'Center Forward'}, 'teammate': True}, {'location': [97.5, 49.3], 'player': {'id': 5470, 'name': 'Ivan Rakitić'}, 'position': {'id': 13, 'name': 'Right Center Midfield'}, 'teammate': True}, {'location': [107.3, 30.0], 'player': {'id': 5477, 'name': 'Ousmane Dembélé'}, 'position': {'id': 21, 'name': 'Left Wing'}, 'teammate': True}]",,,,,,,,,,,,,,,,,,,,,,,,,,,,,,,,,,,,,,True,,,,,,116.9,48.8
d37ddbf4-05b6-4127-8ca6-287a069bd912,2278,2,00:06:07.400,51,7,85,0.542131,16,Shot,206,Deportivo Alavés,4,From Throw In,206,Deportivo Alavés,,,"['58736b58-7cb3-40f7-bf94-1fdec9b168b3', '70558d6c-683c-40d9-8c4e-a67edb94effc', 'e8260a77-c421-4dca-b8d2-28b6229d1b00']","[106.0, 57.0]",6626.0,Mubarak Wakaso,13.0,Right Center Midfield,,,,,,,,,,,,,,,,,,,True,,,,,,,0.034266487,"[110.4, 29.2]",,True,91.0,Half Volley,38.0,Left Foot,87.0,Open Play,96.0,Blocked,"[{'location': [110.7, 29.5], 'player': {'id': 5203, 'name': 'Sergio Busquets i Burgos'}, 'position': {'id': 10, 'name': 'Center Defensive Midfield'}, 'teammate': False}, {'location': [98.9, 33.2], 'player': {'id': 3501, 'name': 'Philippe Coutinho Correia'}, 'position': {'id': 15, 'name': 'Left Center Midfield'}, 'teammate': False}, {'location': [104.8, 36.1], 'player': {'id': 6617, 'name': 'Ibai Gómez Pérez'}, 'position': {'id': 12, 'name': 'Right Midfield'}, 'teammate': True}, {'location': [111.6, 33.6], 'player': {'id': 6613, 'name': 'Rubén Sobrino Pozuelo'}, 'position': {'id': 23, 'name': 'Center Forward'}, 'teammate': True}, {'location': [111.6, 34.4], 'player': {'id': 5492, 'name': 'Samuel Yves Umtiti'}, 'position': {'id': 5, 'name': 'Left Center Back'}, 'teammate': False}, {'location': [110.4, 41.0], 'player': {'id': 5211, 'name': 'Jordi Alba Ramos'}, 'position': {'id': 6, 'name': 'Left Back'}, 'teammate': False}, {'location': [118.5, 36.5], 'player': {'id': 20055, 'name': 'Marc-André ter Stegen'}, 'position': {'id': 1, 'name': 'Goalkeeper'}, 'teammate': False}, {'location': [112.2, 17.5], 'player': {'id': 6839, 'name': 'Daniel Alejandro Torres Rojas'}, 'position': {'id': 10, 'name': 'Center Defensive Midfield'}, 'teammate': True}, {'location': [114.6, 19.1], 'player': {'id': 5213, 'name': 'Gerard Piqué Bernabéu'}, 'position': {'id': 3, 'name': 'Right Center Back'}, 'teammate': False}, {'location': [111.0, 11.2], 'player': {'id': 5470, 'name': 'Ivan Rakitić'}, 'position': {'id': 13, 'name': 'Right Center Midfield'}, 'teammate': False}, {'location': [108.9, 22.3], 'player': {'id': 6379, 'name': 'Sergi Roberto Carnicer'}, 'position': {'id': 2, 'name': 'Right Back'}, 'teammate': False}, {'location': [109.4, 20.2], 'player': {'id': 6612, 'name': 'Rubén Duarte Sánchez'}, 'position': {'id': 6, 'name': 'Left Back'}, 'teammate': True}, {'location': [104.4, 6.6], 'player': {'id': 6581, 'name': 'Jonathan Rodríguez Menéndez'}, 'position': {'id': 16, 'name': 'Left Midfield'}, 'teammate': True}, {'location': [90.7, 47.4], 'player': {'id': 5477, 'name': 'Ousmane Dembélé'}, 'position': {'id': 21, 'name': 'Left Wing'}, 'teammate': False}]",,,,,,,,,,,,,,,,,,,,,,,,,,,,,,,,,,,,,,,,,,,,106.0,57.0
b8f9567a-b33c-4013-91a4-dd5c088dd14a,2494,2,00:08:54.355,53,54,90,0.888073,16,Shot,217,Barcelona,1,Regular Play,217,Barcelona,,,"['4e515cc2-611e-4fc9-8687-995fc024a228', 'cabd8488-dabc-4ee7-a8a3-f4b561162a04']","[111.1, 55.9]",5246.0,Luis Alberto Suárez Díaz,23.0,Center Forward,,,,,,,,,,,,,,,,,,,,,,,,,,0.01833356,"[115.7, 32.5]",,,93.0,Normal,40.0,Right Foot,87.0,Open Play,96.0,Blocked,"[{'location': [115.6, 32.4], 'player': {'id': 6615, 'name': 'Víctor Laguardia Cisneros'}, 'position': {'id': 3, 'name': 'Right Center Back'}, 'teammate': False}, {'location': [111.6, 26.1], 'player': {'id': 6632, 'name': 'Manuel Alejandro García Sánchez'}, 'position': {'id': 15, 'name': 'Left Center Midfield'}, 'teammate': False}, {'location': [113.6, 25.1], 'player': {'id': 6618, 'name': 'Martín Aguirregabiria Padilla'}, 'position': {'id': 2, 'name': 'Right Back'}, 'teammate': False}, {'location': [107.3, 29.5], 'player': {'id': 6626, 'name': 'Mubarak Wakaso'}, 'position': {'id': 13, 'name': 'Right Center Midfield'}, 'teammate': False}, {'location': [109.7, 30.5], 'player': {'id': 5503, 'name': 'Lionel Andrés Messi Cuccittini'}, 'position': {'id': 17, 'name': 'Right Wing'}, 'teammate': True}, {'location': [118.5, 35.7], 'player': {'id': 6629, 'name': 'Fernando Pacheco Flores'}, 'position': {'id': 1, 'name': 'Goalkeeper'}, 'teammate': False}, {'location': [119.4, 27.0], 'player': {'id': 5211, 'name': 'Jordi Alba Ramos'}, 'position': {'id': 6, 'name': 'Left Back'}, 'teammate': True}, {'location': [111.2, 36.1], 'player': {'id': 6839, 'name': 'Daniel Alejandro Torres Rojas'}, 'position': {'id': 10, 'name': 'Center Defensive Midfield'}, 'teammate': False}, {'location': [115.4, 40.8], 'player': {'id': 6855, 'name': 'Guillermo Alfonso Maripán Loaysa'}, 'position': {'id': 5, 'name': 'Left Center Back'}, 'teammate': False}, {'location': [111.9, 42.8], 'player': {'id': 6612, 'name': 'Rubén Duarte Sánchez'}, 'position': {'id': 6, 'name': 'Left Back'}, 'teammate': False}, {'location': [114.9, 42.1], 'player': {'id': 5477, 'name': 'Ousmane Dembélé'}, 'position': {'id': 21, 'name': 'Left Wing'}, 'teammate': True}, {'location': [98.8, 20.2], 'player': {'id': 6617, 'name': 'Ibai Gómez Pérez'}, 'position': {'id': 12, 'name': 'Right Midfield'}, 'teammate': False}, {'location': [96.5, 32.4], 'player': {'id': 5203, 'name': 'Sergio Busquets i Burgos'}, 'position': {'id': 10, 'name': 'Center Defensive Midfield'}, 'teammate': True}, {'location': [104.9, 49.3], 'player': {'id': 5470, 'name': 'Ivan Rakitić'}, 'position': {'id': 13, 'name': 'Right Center Midfield'}, 'teammate': True}, {'location': [103.8, 35.5], 'player': {'id': 3501, 'name': 'Philippe Coutinho Correia'}, 'position': {'id': 15, 'name': 'Left Center Midfield'}, 'teammate': True}, {'location': [101.1, 51.2], 'player': {'id': 6581, 'name': 'Jonathan Rodríguez Menéndez'}, 'position': {'id': 16, 'name': 'Left Midfield'}, 'teammate': False}]",,,,,,,,,,,,,,,,,,,,,,,,,,,,,,,,,,,,,,,,,,,,111.1,55.9
2e2b7445-812c-4162-a5a2-4a99290359ae,2527,2,00:09:56.388,54,56,91,0.293795,16,Shot,217,Barcelona,4,From Throw In,217,Barcelona,,,"['456fca10-3dce-4e57-b786-6fdde2b9bbb6', 'a80e579b-4fc9-4fff-9d4b-a104218c14bf']","[94.4, 55.5]",3501.0,Philippe Coutinho Correia,15.0,Left Center Midfield,,,,,,,,,,,,,,,,,,,,,,,,,,0.014614709,"[98.8, 28.6]",5dec4188-4b3e-4afa-aa9d-79d97c11d082,,93.0,Normal,40.0,Right Foot,87.0,Open Play,96.0,Blocked,"[{'location': [99.1, 28.5], 'player': {'id': 6626, 'name': 'Mubarak Wakaso'}, 'position': {'id': 13, 'name': 'Right Center Midfield'}, 'teammate': False}, {'location': [98.0, 25.7], 'player': {'id': 6617, 'name': 'Ibai Gómez Pérez'}, 'position': {'id': 12, 'name': 'Right Midfield'}, 'teammate': False}, {'location': [104.6, 22.1], 'player': {'id': 6618, 'name': 'Martín Aguirregabiria Padilla'}, 'position': {'id': 2, 'name': 'Right Back'}, 'teammate': False}, {'location': [104.0, 12.5], 'player': {'id': 5211, 'name': 'Jordi Alba Ramos'}, 'position': {'id': 6, 'name': 'Left Back'}, 'teammate': True}, {'location': [118.2, 38.8], 'player': {'id': 6629, 'name': 'Fernando Pacheco Flores'}, 'position': {'id': 1, 'name': 'Goalkeeper'}, 'teammate': False}, {'location': [105.2, 50.1], 'player': {'id': 6612, 'name': 'Rubén Duarte Sánchez'}, 'position': {'id': 6, 'name': 'Left Back'}, 'teammate': False}, {'location': [98.2, 48.7], 'player': {'id': 6581, 'name': 'Jonathan Rodríguez Menéndez'}, 'position': {'id': 16, 'name': 'Left Midfield'}, 'teammate': False}, {'location': [94.9, 45.6], 'player': {'id': 5470, 'name': 'Ivan Rakitić'}, 'position': {'id': 13, 'name': 'Right Center Midfield'}, 'teammate': True}, {'location': [103.6, 27.3], 'player': {'id': 5477, 'name': 'Ousmane Dembélé'}, 'position': {'id': 21, 'name': 'Left Wing'}, 'teammate': True}, {'location': [106.2, 34.7], 'player': {'id': 5246, 'name': 'Luis Alberto Suárez Díaz'}, 'position': {'id': 23, 'name': 'Center Forward'}, 'teammate': True}, {'location': [101.2, 31.7], 'player': {'id': 6839, 'name': 'Daniel Alejandro Torres Rojas'}, 'position': {'id': 10, 'name': 'Center Defensive Midfield'}, 'teammate': False}, {'location': [105.4, 35.8], 'player': {'id': 6855, 'name': 'Guillermo Alfonso Maripán Loaysa'}, 'position': {'id': 5, 'name': 'Left Center Back'}, 'teammate': False}, {'location': [105.5, 31.3], 'player': {'id': 6615, 'name': 'Víctor Laguardia Cisneros'}, 'position': {'id': 3, 'name': 'Right Center Back'}, 'teammate': False}, {'location': [104.6, 42.8], 'player': {'id': 6632, 'name': 'Manuel Alejandro García Sánchez'}, 'position': {'id': 15, 'name': 'Left Center Midfield'}, 'teammate': False}, {'location': [92.1, 30.9], 'player': {'id': 6613, 'name': 'Rubén Sobrino Pozuelo'}, 'position': {'id': 23, 'name': 'Center Forward'}, 'teammate': False}, {'location': [94.1, 37.0], 'player': {'id': 5203, 'name': 'Sergio Busquets i Burgos'}, 'position': {'id': 10, 'name': 'Center Defensive Midfield'}, 'teammate': True}, {'location': [99.1, 65.4], 'player': {'id': 5503, 'name': 'Lionel Andrés Messi Cuccittini'}, 'position': {'id': 17, 'name': 'Right Wing'}, 'teammate': True}]",,,,,,,,,,,,,,,,,,,,,,,,,,,,,,,,,,,,,,,,,,,,94.4,55.5
480a2132-0c0e-4a0b-95e7-eb994a1542ff,2567,2,00:10:34.490,55,34,91,0.546827,16,Shot,217,Barcelona,4,From Throw In,217,Barcelona,,,"['56874603-3de7-4208-a650-ec3660a07545', '624f843d-341f-456a-bd94-d4af06a4ad62']","[107.4, 54.1]",5211.0,Jordi Alba Ramos,6.0,Left Back,,,,,,,,,,,,,,,,,,,,,,,,,,0.03941794,"[108.7, 27.5]",b71c182c-37eb-41ee-9a6c-824afb688120,True,93.0,Normal,38.0,Left Foot,87.0,Open Play,96.0,Blocked,"[{'location': [108.9, 27.6], 'player': {'id': 6618, 'name': 'Martín Aguirregabiria Padilla'}, 'position': {'id': 2, 'name': 'Right Back'}, 'teammate': False}, {'location': [118.3, 37.9], 'player': {'id': 6629, 'name': 'Fernando Pacheco Flores'}, 'position': {'id': 1, 'name': 'Goalkeeper'}, 'teammate': False}, {'location': [103.8, 26.5], 'player': {'id': 6617, 'name': 'Ibai Gómez Pérez'}, 'position': {'id': 12, 'name': 'Right Midfield'}, 'teammate': False}, {'location': [96.9, 32.7], 'player': {'id': 6613, 'name': 'Rubén Sobrino Pozuelo'}, 'position': {'id': 23, 'name': 'Center Forward'}, 'teammate': False}, {'location': [95.8, 55.9], 'player': {'id': 6581, 'name': 'Jonathan Rodríguez Menéndez'}, 'position': {'id': 16, 'name': 'Left Midfield'}, 'teammate': False}, {'location': [100.3, 38.4], 'player': {'id': 5203, 'name': 'Sergio Busquets i Burgos'}, 'position': {'id': 10, 'name': 'Center Defensive Midfield'}, 'teammate': True}, {'location': [106.1, 34.5], 'player': {'id': 5477, 'name': 'Ousmane Dembélé'}, 'position': {'id': 21, 'name': 'Left Wing'}, 'teammate': True}, {'location': [102.8, 29.8], 'player': {'id': 3501, 'name': 'Philippe Coutinho Correia'}, 'position': {'id': 15, 'name': 'Left Center Midfield'}, 'teammate': True}, {'location': [104.8, 60.2], 'player': {'id': 5246, 'name': 'Luis Alberto Suárez Díaz'}, 'position': {'id': 23, 'name': 'Center Forward'}, 'teammate': True}, {'location': [100.7, 32.6], 'player': {'id': 6626, 'name': 'Mubarak Wakaso'}, 'position': {'id': 13, 'name': 'Right Center Midfield'}, 'teammate': False}, {'location': [103.8, 39.7], 'player': {'id': 6632, 'name': 'Manuel Alejandro García Sánchez'}, 'position': {'id': 15, 'name': 'Left Center Midfield'}, 'teammate': False}, {'location': [110.1, 33.4], 'player': {'id': 6615, 'name': 'Víctor Laguardia Cisneros'}, 'position': {'id': 3, 'name': 'Right Center Back'}, 'teammate': False}, {'location': [108.0, 36.4], 'player': {'id': 6839, 'name': 'Daniel Alejandro Torres Rojas'}, 'position': {'id': 10, 'name': 'Center Defensive Midfield'}, 'teammate': False}, {'location': [109.5, 38.6], 'player': {'id': 5503, 'name': 'Lionel Andrés Messi Cuccittini'}, 'position': {'id': 17, 'name': 'Right Wing'}, 'teammate': True}, {'location': [110.7, 40.4], 'player': {'id': 6855, 'name': 'Guillermo Alfonso Maripán Loaysa'}, 'position': {'id': 5, 'name': 'Left Center Back'}, 'teammate': False}, {'location': [107.1, 42.5], 'player': {'id': 6612, 'name': 'Rubén Duarte Sánchez'}, 'position': {'id': 6, 'name': 'Left Back'}, 'teammate': False}, {'location': [97.2, 49.1], 'player': {'id': 6379, 'name': 'Sergi Roberto Carnicer'}, 'position': {'id': 2, 'name': 'Right Back'}, 'teammate': True}]",,,,,,,,,,,,,,,,,,,,,,,,,,,,,,,,,,,,,,,,,,,,107.4,54.1
dfb55124-1e6a-475c-a460-3d9bf920bf04,2644,2,00:12:20.847,57,20,94,1.24575,16,Shot,217,Barcelona,2,From Corner,217,Barcelona,,,"['0c15d9ac-8fad-43c0-bbbb-d0c8b22d56e1', '95589380-fb30-4d13-8242-c67aa421a228']","[100.1, 21.9]",5503.0,Lionel Andrés Messi Cuccittini,17.0,Right Wing,,,,,,,,,,,,,,,,,,,True,,,,,,,0.026228275,"[120.0, 37.7, 3.9]",63db91cb-0725-4321-9f26-407c563f70bc,,93.0,Normal,38.0,Left Foot,87.0,Open Play,98.0,Off T,"[{'location': [102.7, 57.6], 'player': {'id': 6626, 'name': 'Mubarak Wakaso'}, 'position': {'id': 13, 'name': 'Right Center Midfield'}, 'teammate': False}, {'location': [118.3, 41.2], 'player': {'id': 6629, 'name': 'Fernando Pacheco Flores'}, 'position': {'id': 1, 'name': 'Goalkeeper'}, 'teammate': False}, {'location': [108.7, 28.7], 'player': {'id': 5246, 'name': 'Luis Alberto Suárez Díaz'}, 'position': {'id': 23, 'name': 'Center Forward'}, 'teammate': True}, {'location': [109.1, 31.1], 'player': {'id': 6618, 'name': 'Martín Aguirregabiria Padilla'}, 'position': {'id': 2, 'name': 'Right Back'}, 'teammate': False}, {'location': [98.1, 47.3], 'player': {'id': 5477, 'name': 'Ousmane Dembélé'}, 'position': {'id': 21, 'name': 'Left Wing'}, 'teammate': True}, {'location': [103.2, 50.6], 'player': {'id': 6581, 'name': 'Jonathan Rodríguez Menéndez'}, 'position': {'id': 16, 'name': 'Left Midfield'}, 'teammate': False}, {'location': [106.5, 57.4], 'player': {'id': 6617, 'name': 'Ibai Gómez Pérez'}, 'position': {'id': 12, 'name': 'Right Midfield'}, 'teammate': False}, {'location': [109.2, 61.5], 'player': {'id': 3501, 'name': 'Philippe Coutinho Correia'}, 'position': {'id': 15, 'name': 'Left Center Midfield'}, 'teammate': True}, {'location': [105.8, 49.4], 'player': {'id': 6613, 'name': 'Rubén Sobrino Pozuelo'}, 'position': {'id': 23, 'name': 'Center Forward'}, 'teammate': False}, {'location': [105.8, 44.3], 'player': {'id': 6612, 'name': 'Rubén Duarte Sánchez'}, 'position': {'id': 6, 'name': 'Left Back'}, 'teammate': False}, {'location': [104.3, 44.1], 'player': {'id': 5203, 'name': 'Sergio Busquets i Burgos'}, 'position': {'id': 10, 'name': 'Center Defensive Midfield'}, 'teammate': True}, {'location': [86.0, 41.5], 'player': {'id': 6379, 'name': 'Sergi Roberto Carnicer'}, 'position': {'id': 2, 'name': 'Right Back'}, 'teammate': True}, {'location': [108.2, 41.9], 'player': {'id': 5470, 'name': 'Ivan Rakitić'}, 'position': {'id': 13, 'name': 'Right Center Midfield'}, 'teammate': True}, {'location': [108.6, 38.7], 'player': {'id': 6632, 'name': 'Manuel Alejandro García Sánchez'}, 'position': {'id': 15, 'name': 'Left Center Midfield'}, 'teammate': False}, {'location': [108.8, 36.7], 'player': {'id': 5213, 'name': 'Gerard Piqué Bernabéu'}, 'position': {'id': 3, 'name': 'Right Center Back'}, 'teammate': True}, {'location': [110.6, 42.7], 'player': {'id': 6839, 'name': 'Daniel Alejandro Torres Rojas'}, 'position': {'id': 10, 'name': 'Center Defensive Midfield'}, 'teammate': False}, {'location': [109.8, 35.1], 'player': {'id': 6855, 'name': 'Guillermo Alfonso Maripán Loaysa'}, 'position': {'id': 5, 'name': 'Left Center Back'}, 'teammate': False}, {'location': [107.7, 34.1], 'player': {'id': 6615, 'name': 'Víctor Laguardia Cisneros'}, 'position': {'id': 3, 'name': 'Right Center Back'}, 'teammate': False}, {'location': [109.4, 33.6], 'player': {'id': 5492, 'name': 'Samuel Yves Umtiti'}, 'position': {'id': 5, 'name': 'Left Center Back'}, 'teammate': True}]",,,,,,,,,,,,,,,,,,,,,,,,,,,,,,,,,,,,,,,,,,,,100.1,21.9
ff334a7e-6ec2-4c71-9957-6d8accaf48df,2783,2,00:15:36.156,60,36,102,0.289851,16,Shot,217,Barcelona,4,From Throw In,217,Barcelona,,,"['2bd33dd3-fc35-425b-851c-59494fd0618f', 'f18bbfc4-60e3-4782-8748-67d66b789b5c']","[100.2, 52.3]",3501.0,Philippe Coutinho Correia,15.0,Left Center Midfield,,,,,,,,,,,,,,,,,,,,,,,,,,0.031532083,"[102.1, 29.4]",,True,93.0,Normal,40.0,Right Foot,87.0,Open Play,96.0,Blocked,"[{'location': [102.2, 29.4], 'player': {'id': 6855, 'name': 'Guillermo Alfonso Maripán Loaysa'}, 'position': {'id': 5, 'name': 'Left Center Back'}, 'teammate': False}, {'location': [95.3, 17.2], 'player': {'id': 6617, 'name': 'Ibai Gómez Pérez'}, 'position': {'id': 12, 'name': 'Right Midfield'}, 'teammate': False}, {'location': [83.0, 28.1], 'player': {'id': 6613, 'name': 'Rubén Sobrino Pozuelo'}, 'position': {'id': 23, 'name': 'Center Forward'}, 'teammate': False}, {'location': [116.9, 38.5], 'player': {'id': 6629, 'name': 'Fernando Pacheco Flores'}, 'position': {'id': 1, 'name': 'Goalkeeper'}, 'teammate': False}, {'location': [104.9, 40.8], 'player': {'id': 6612, 'name': 'Rubén Duarte Sánchez'}, 'position': {'id': 6, 'name': 'Left Back'}, 'teammate': False}, {'location': [91.2, 31.3], 'player': {'id': 5203, 'name': 'Sergio Busquets i Burgos'}, 'position': {'id': 10, 'name': 'Center Defensive Midfield'}, 'teammate': True}, {'location': [86.4, 15.9], 'player': {'id': 5211, 'name': 'Jordi Alba Ramos'}, 'position': {'id': 6, 'name': 'Left Back'}, 'teammate': True}, {'location': [99.0, 24.3], 'player': {'id': 6626, 'name': 'Mubarak Wakaso'}, 'position': {'id': 13, 'name': 'Right Center Midfield'}, 'teammate': False}, {'location': [104.1, 20.6], 'player': {'id': 6618, 'name': 'Martín Aguirregabiria Padilla'}, 'position': {'id': 2, 'name': 'Right Back'}, 'teammate': False}, {'location': [106.3, 20.9], 'player': {'id': 5477, 'name': 'Ousmane Dembélé'}, 'position': {'id': 21, 'name': 'Left Wing'}, 'teammate': True}, {'location': [105.4, 26.2], 'player': {'id': 5246, 'name': 'Luis Alberto Suárez Díaz'}, 'position': {'id': 23, 'name': 'Center Forward'}, 'teammate': True}, {'location': [103.1, 26.7], 'player': {'id': 6839, 'name': 'Daniel Alejandro Torres Rojas'}, 'position': {'id': 10, 'name': 'Center Defensive Midfield'}, 'teammate': False}, {'location': [106.9, 28.2], 'player': {'id': 6615, 'name': 'Víctor Laguardia Cisneros'}, 'position': {'id': 3, 'name': 'Right Center Back'}, 'teammate': False}, {'location': [96.7, 35.5], 'player': {'id': 6632, 'name': 'Manuel Alejandro García Sánchez'}, 'position': {'id': 15, 'name': 'Left Center Midfield'}, 'teammate': False}, {'location': [91.4, 48.8], 'player': {'id': 6581, 'name': 'Jonathan Rodríguez Menéndez'}, 'position': {'id': 16, 'name': 'Left Midfield'}, 'teammate': False}, {'location': [95.0, 67.6], 'player': {'id': 5503, 'name': 'Lionel Andrés Messi Cuccittini'}, 'position': {'id': 17, 'name': 'Right Wing'}, 'teammate': True}, {'location': [95.1, 40.8], 'player': {'id': 5470, 'name': 'Ivan Rakitić'}, 'position': {'id': 13, 'name': 'Right Center Midfield'}, 'teammate': True}]",,,,,,,,,,,,,,,,,,,,,,,,,,,,,,,,,,,,,,,,,,,,100.2,52.3
4c7c4ab1-6b9f-4504-a237-249c2e0c549f,2884,2,00:18:11.954,63,11,103,0.950658,16,Shot,217,Barcelona,3,From Free Kick,217,Barcelona,,,['5080ad86-383c-40c5-b718-508d8c9be454'],"[96.1, 34.9]",5503.0,Lionel Andrés Messi Cuccittini,17.0,Right Wing,,,,,,,,,,,,,,,,,,,,,,,,,,0.13781206,"[120.0, 42.4, 0.1]",,,93.0,Normal,38.0,Left Foot,62.0,Free Kick,97.0,Goal,"[{'location': [93.3, 41.5], 'player': {'id': 5246, 'name': 'Luis Alberto Suárez Díaz'}, 'position': {'id': 23, 'name': 'Center Forward'}, 'teammate': True}, {'location': [91.5, 22.1], 'player': {'id': 5211, 'name': 'Jordi Alba Ramos'}, 'position': {'id': 6, 'name': 'Left Back'}, 'teammate': True}, {'location': [99.1, 31.8], 'player': {'id': 3501, 'name': 'Philippe Coutinho Correia'}, 'position': {'id': 15, 'name': 'Left Center Midfield'}, 'teammate': True}, {'location': [107.2, 43.9], 'player': {'id': 6613, 'name': 'Rubén Sobrino Pozuelo'}, 'position': {'id': 23, 'name': 'Center Forward'}, 'teammate': False}, {'location': [118.8, 38.6], 'player': {'id': 6629, 'name': 'Fernando Pacheco Flores'}, 'position': {'id': 1, 'name': 'Goalkeeper'}, 'teammate': False}, {'location': [109.0, 31.7], 'player': {'id': 5477, 'name': 'Ousmane Dembélé'}, 'position': {'id': 21, 'name': 'Left Wing'}, 'teammate': True}, {'location': [108.7, 33.7], 'player': {'id': 6626, 'name': 'Mubarak Wakaso'}, 'position': {'id': 13, 'name': 'Right Center Midfield'}, 'teammate': False}, {'location': [108.8, 35.7], 'player': {'id': 6618, 'name': 'Martín Aguirregabiria Padilla'}, 'position': {'id': 2, 'name': 'Right Back'}, 'teammate': False}, {'location': [108.7, 37.4], 'player': {'id': 6612, 'name': 'Rubén Duarte Sánchez'}, 'position': {'id': 6, 'name': 'Left Back'}, 'teammate': False}, {'location': [108.3, 38.8], 'player': {'id': 6615, 'name': 'Víctor Laguardia Cisneros'}, 'position': {'id': 3, 'name': 'Right Center Back'}, 'teammate': False}, {'location': [109.4, 40.3], 'player': {'id': 5203, 'name': 'Sergio Busquets i Burgos'}, 'position': {'id': 10, 'name': 'Center Defensive Midfield'}, 'teammate': True}, {'location': [109.3, 41.1], 'player': {'id': 5213, 'name': 'Gerard Piqué Bernabéu'}, 'position': {'id': 3, 'name': 'Right Center Back'}, 'teammate': True}, {'location': [109.0, 41.6], 'player': {'id': 5470, 'name': 'Ivan Rakitić'}, 'position': {'id': 13, 'name': 'Right Center Midfield'}, 'teammate': True}, {'location': [108.4, 41.4], 'player': {'id': 6581, 'name': 'Jonathan Rodríguez Menéndez'}, 'position': {'id': 16, 'name': 'Left Midfield'}, 'teammate': False}, {'location': [107.2, 42.4], 'player': {'id': 6839, 'name': 'Daniel Alejandro Torres Rojas'}, 'position': {'id': 10, 'name': 'Center Defensive Midfield'}, 'teammate': False}, {'location': [107.2, 43.1], 'player': {'id': 6855, 'name': 'Guillermo Alfonso Maripán Loaysa'}, 'position': {'id': 5, 'name': 'Left Center Back'}, 'teammate': False}, {'location': [104.7, 36.8], 'player': {'id': 6617, 'name': 'Ibai Gómez Pérez'}, 'position': {'id': 12, 'name': 'Right Midfield'}, 'teammate': False}, {'location': [107.1, 44.6], 'player': {'id': 6632, 'name': 'Manuel Alejandro García Sánchez'}, 'position': {'id': 15, 'name': 'Left Center Midfield'}, 'teammate': False}]",,,,,,,,,,,,,,,,,,,,,,,,,,,,,,,,,,,,,,,,,,,,96.1,34.9
28175830-bbf0-4be9-baef-75c1de731809,2960,2,00:20:43.588,65,43,106,1.071701,16,Shot,217,Barcelona,1,Regular Play,217,Barcelona,,,['5433a660-4ae0-417d-88d4-fe4af8a97837'],"[106.1, 32.9]",5503.0,Lionel Andrés Messi Cuccittini,17.0,Right Wing,,,,,,,,,,,,,,,,,,,,,,,,,,0.08140348,"[120.0, 35.9, 2.0]",7828a4b6-195f-4de0-97ef-143cfcbd5763,,93.0,Normal,38.0,Left Foot,87.0,Open Play,99.0,Post,"[{'location': [110.4, 42.6], 'player': {'id': 6839, 'name': 'Daniel Alejandro Torres Rojas'}, 'position': {'id': 10, 'name': 'Center Defensive Midfield'}, 'teammate': False}, {'location': [111.7, 44.8], 'player': {'id': 6855, 'name': 'Guillermo Alfonso Maripán Loaysa'}, 'position': {'id': 5, 'name': 'Left Center Back'}, 'teammate': False}, {'location': [110.0, 47.5], 'player': {'id': 6615, 'name': 'Víctor Laguardia Cisneros'}, 'position': {'id': 3, 'name': 'Right Center Back'}, 'teammate': False}, {'location': [108.9, 46.1], 'player': {'id': 6618, 'name': 'Martín Aguirregabiria Padilla'}, 'position': {'id': 2, 'name': 'Right Back'}, 'teammate': False}, {'location': [106.2, 52.0], 'player': {'id': 6612, 'name': 'Rubén Duarte Sánchez'}, 'position': {'id': 6, 'name': 'Left Back'}, 'teammate': False}, {'location': [117.4, 58.2], 'player': {'id': 5246, 'name': 'Luis Alberto Suárez Díaz'}, 'position': {'id': 23, 'name': 'Center Forward'}, 'teammate': True}, {'location': [118.2, 40.9], 'player': {'id': 6629, 'name': 'Fernando Pacheco Flores'}, 'position': {'id': 1, 'name': 'Goalkeeper'}, 'teammate': False}, {'location': [92.6, 31.2], 'player': {'id': 3501, 'name': 'Philippe Coutinho Correia'}, 'position': {'id': 15, 'name': 'Left Center Midfield'}, 'teammate': True}, {'location': [108.9, 26.9], 'player': {'id': 5477, 'name': 'Ousmane Dembélé'}, 'position': {'id': 21, 'name': 'Left Wing'}, 'teammate': True}, {'location': [103.2, 35.0], 'player': {'id': 6617, 'name': 'Ibai Gómez Pérez'}, 'position': {'id': 12, 'name': 'Right Midfield'}, 'teammate': False}, {'location': [102.0, 39.3], 'player': {'id': 6626, 'name': 'Mubarak Wakaso'}, 'position': {'id': 13, 'name': 'Right Center Midfield'}, 'teammate': False}]",,,,,,,,,,,,,,,,,,,,,,,,,,,,,,,,,,,,,,,,,,,,106.1,32.9
89cef214-dec8-43c7-8222-3ea8942ae868,3084,2,00:23:33.375,68,33,106,0.978611,16,Shot,217,Barcelona,1,Regular Play,217,Barcelona,,,"['05072607-b838-4200-8dd3-a356285e5c44', '20fd9438-3b10-4c6d-9e7a-262f5f4a91a9']","[88.7, 37.2]",5470.0,Ivan Rakitić,13.0,Right Center Midfield,,,,,,,,,,,,,,,,,,,,,,,,,,0.009952911,"[102.1, 36.1]",,,91.0,Half Volley,40.0,Right Foot,87.0,Open Play,96.0,Blocked,"[{'location': [101.0, 35.7], 'player': {'id': 6615, 'name': 'Víctor Laguardia Cisneros'}, 'position': {'id': 3, 'name': 'Right Center Back'}, 'teammate': False}, {'location': [91.1, 40.7], 'player': {'id': 6626, 'name': 'Mubarak Wakaso'}, 'position': {'id': 13, 'name': 'Right Center Midfield'}, 'teammate': False}, {'location': [102.6, 33.0], 'player': {'id': 6618, 'name': 'Martín Aguirregabiria Padilla'}, 'position': {'id': 2, 'name': 'Right Back'}, 'teammate': False}, {'location': [104.1, 30.7], 'player': {'id': 5246, 'name': 'Luis Alberto Suárez Díaz'}, 'position': {'id': 23, 'name': 'Center Forward'}, 'teammate': True}, {'location': [106.4, 31.7], 'player': {'id': 5477, 'name': 'Ousmane Dembélé'}, 'position': {'id': 21, 'name': 'Left Wing'}, 'teammate': True}, {'location': [118.4, 40.0], 'player': {'id': 6629, 'name': 'Fernando Pacheco Flores'}, 'position': {'id': 1, 'name': 'Goalkeeper'}, 'teammate': False}, {'location': [93.7, 26.9], 'player': {'id': 6617, 'name': 'Ibai Gómez Pérez'}, 'position': {'id': 12, 'name': 'Right Midfield'}, 'teammate': False}, {'location': [98.4, 15.7], 'player': {'id': 5211, 'name': 'Jordi Alba Ramos'}, 'position': {'id': 6, 'name': 'Left Back'}, 'teammate': True}, {'location': [85.1, 25.9], 'player': {'id': 3501, 'name': 'Philippe Coutinho Correia'}, 'position': {'id': 15, 'name': 'Left Center Midfield'}, 'teammate': True}, {'location': [81.7, 39.5], 'player': {'id': 5203, 'name': 'Sergio Busquets i Burgos'}, 'position': {'id': 10, 'name': 'Center Defensive Midfield'}, 'teammate': True}, {'location': [102.3, 56.9], 'player': {'id': 5503, 'name': 'Lionel Andrés Messi Cuccittini'}, 'position': {'id': 17, 'name': 'Right Wing'}, 'teammate': True}, {'location': [102.8, 39.6], 'player': {'id': 6632, 'name': 'Manuel Alejandro García Sánchez'}, 'position': {'id': 15, 'name': 'Left Center Midfield'}, 'teammate': False}, {'location': [101.1, 42.6], 'player': {'id': 6855, 'name': 'Guillermo Alfonso Maripán Loaysa'}, 'position': {'id': 5, 'name': 'Left Center Back'}, 'teammate': False}, {'location': [103.3, 50.2], 'player': {'id': 6612, 'name': 'Rubén Duarte Sánchez'}, 'position': {'id': 6, 'name': 'Left Back'}, 'teammate': False}, {'location': [93.4, 50.9], 'player': {'id': 6935, 'name': 'Adrián Marín Gómez'}, 'position': {'id': 16, 'name': 'Left Midfield'}, 'teammate': False}, {'location': [81.6, 53.1], 'player': {'id': 6379, 'name': 'Sergi Roberto Carnicer'}, 'position': {'id': 2, 'name': 'Right Back'}, 'teammate': True}, {'location': [76.6, 25.2], 'player': {'id': 6566, 'name': 'Borja González Tomás'}, 'position': {'id': 22, 'name': 'Right Center Forward'}, 'teammate': False}]",,,,,,,,,,,,,,,,,,,,,,,,,,,,,,,,,,,,,,,,,,,,88.7,37.2
0a78095f-dde1-4cba-8639-3ac2750d3a4d,3207,2,00:27:27.492,72,27,113,0.324702,16,Shot,217,Barcelona,4,From Throw In,217,Barcelona,,,['7d69f37a-def2-44b1-a6af-6cb56b793248'],"[109.1, 49.9]",5246.0,Luis Alberto Suárez Díaz,23.0,Center Forward,,,,,,,,,,,,,,,,,,,,,,,,,,0.33718765,"[115.9, 34.8, 1.6]",,True,93.0,Normal,38.0,Left Foot,87.0,Open Play,100.0,Saved,"[{'location': [101.0, 26.2], 'player': {'id': 5477, 'name': 'Ousmane Dembélé'}, 'position': {'id': 21, 'name': 'Left Wing'}, 'teammate': True}, {'location': [105.0, 29.3], 'player': {'id': 6618, 'name': 'Martín Aguirregabiria Padilla'}, 'position': {'id': 2, 'name': 'Right Back'}, 'teammate': False}, {'location': [104.0, 36.1], 'player': {'id': 6615, 'name': 'Víctor Laguardia Cisneros'}, 'position': {'id': 3, 'name': 'Right Center Back'}, 'teammate': False}, {'location': [101.8, 41.2], 'player': {'id': 6855, 'name': 'Guillermo Alfonso Maripán Loaysa'}, 'position': {'id': 5, 'name': 'Left Center Back'}, 'teammate': False}, {'location': [116.6, 35.1], 'player': {'id': 6629, 'name': 'Fernando Pacheco Flores'}, 'position': {'id': 1, 'name': 'Goalkeeper'}, 'teammate': False}, {'location': [94.4, 43.6], 'player': {'id': 6612, 'name': 'Rubén Duarte Sánchez'}, 'position': {'id': 6, 'name': 'Left Back'}, 'teammate': False}, {'location': [92.3, 31.7], 'player': {'id': 6626, 'name': 'Mubarak Wakaso'}, 'position': {'id': 13, 'name': 'Right Center Midfield'}, 'teammate': False}, {'location': [85.4, 24.6], 'player': {'id': 5492, 'name': 'Samuel Yves Umtiti'}, 'position': {'id': 5, 'name': 'Left Center Back'}, 'teammate': True}, {'location': [86.8, 30.4], 'player': {'id': 5203, 'name': 'Sergio Busquets i Burgos'}, 'position': {'id': 10, 'name': 'Center Defensive Midfield'}, 'teammate': True}, {'location': [81.0, 28.5], 'player': {'id': 6617, 'name': 'Ibai Gómez Pérez'}, 'position': {'id': 12, 'name': 'Right Midfield'}, 'teammate': False}, {'location': [92.4, 23.3], 'player': {'id': 6566, 'name': 'Borja González Tomás'}, 'position': {'id': 22, 'name': 'Right Center Forward'}, 'teammate': False}, {'location': [87.6, 44.4], 'player': {'id': 6632, 'name': 'Manuel Alejandro García Sánchez'}, 'position': {'id': 15, 'name': 'Left Center Midfield'}, 'teammate': False}, {'location': [88.5, 53.8], 'player': {'id': 6935, 'name': 'Adrián Marín Gómez'}, 'position': {'id': 16, 'name': 'Left Midfield'}, 'teammate': False}, {'location': [96.6, 34.5], 'player': {'id': 5503, 'name': 'Lionel Andrés Messi Cuccittini'}, 'position': {'id': 17, 'name': 'Right Wing'}, 'teammate': True}, {'location': [91.0, 41.3], 'player': {'id': 3501, 'name': 'Philippe Coutinho Correia'}, 'position': {'id': 15, 'name': 'Left Center Midfield'}, 'teammate': True}]",,,,,,,,,,,,,,,,,,,,,,,,,,,,,,,,,,,,,,,,,,,,109.1,49.9
6e7d482d-30cc-4f5c-9b65-84c52ef8247c,3384,2,00:33:17.679,78,17,124,0.705182,16,Shot,206,Deportivo Alavés,3,From Free Kick,206,Deportivo Alavés,,,['e401ee1c-f702-4319-8856-3b5e9dab0787'],"[113.4, 46.5]",6935.0,Adrián Marín Gómez,16.0,Left Midfield,,,,,,,,,,,,,,,,,,,,,,,,,,0.13785948,"[120.0, 33.0, 1.7]",47ebf1d6-f7d0-4e48-b250-10d3bbd47e5d,True,95.0,Volley,40.0,Right Foot,87.0,Open Play,98.0,Off T,"[{'location': [100.7, 64.5], 'player': {'id': 6624, 'name': 'Jorge Franco Alviz'}, 'position': {'id': 24, 'name': 'Left Center Forward'}, 'teammate': True}, {'location': [114.1, 31.8], 'player': {'id': 6615, 'name': 'Víctor Laguardia Cisneros'}, 'position': {'id': 3, 'name': 'Right Center Back'}, 'teammate': True}, {'location': [113.7, 32.1], 'player': {'id': 6379, 'name': 'Sergi Roberto Carnicer'}, 'position': {'id': 2, 'name': 'Right Back'}, 'teammate': False}, {'location': [113.0, 34.3], 'player': {'id': 5470, 'name': 'Ivan Rakitić'}, 'position': {'id': 13, 'name': 'Right Center Midfield'}, 'teammate': False}, {'location': [113.1, 35.9], 'player': {'id': 6855, 'name': 'Guillermo Alfonso Maripán Loaysa'}, 'position': {'id': 5, 'name': 'Left Center Back'}, 'teammate': True}, {'location': [109.6, 32.8], 'player': {'id': 11392, 'name': 'Arthur Henrique Ramos de Oliveira Melo'}, 'position': {'id': 15, 'name': 'Left Center Midfield'}, 'teammate': False}, {'location': [112.5, 37.3], 'player': {'id': 5213, 'name': 'Gerard Piqué Bernabéu'}, 'position': {'id': 3, 'name': 'Right Center Back'}, 'teammate': False}, {'location': [117.9, 37.7], 'player': {'id': 20055, 'name': 'Marc-André ter Stegen'}, 'position': {'id': 1, 'name': 'Goalkeeper'}, 'teammate': False}, {'location': [111.8, 42.5], 'player': {'id': 6632, 'name': 'Manuel Alejandro García Sánchez'}, 'position': {'id': 15, 'name': 'Left Center Midfield'}, 'teammate': True}, {'location': [110.0, 41.0], 'player': {'id': 5203, 'name': 'Sergio Busquets i Burgos'}, 'position': {'id': 10, 'name': 'Center Defensive Midfield'}, 'teammate': False}, {'location': [110.1, 39.1], 'player': {'id': 5492, 'name': 'Samuel Yves Umtiti'}, 'position': {'id': 5, 'name': 'Left Center Back'}, 'teammate': False}, {'location': [106.5, 43.5], 'player': {'id': 6566, 'name': 'Borja González Tomás'}, 'position': {'id': 22, 'name': 'Right Center Forward'}, 'teammate': True}, {'location': [107.4, 45.2], 'player': {'id': 5246, 'name': 'Luis Alberto Suárez Díaz'}, 'position': {'id': 23, 'name': 'Center Forward'}, 'teammate': False}, {'location': [90.7, 57.1], 'player': {'id': 3501, 'name': 'Philippe Coutinho Correia'}, 'position': {'id': 21, 'name': 'Left Wing'}, 'teammate': False}, {'location': [103.4, 56.1], 'player': {'id': 5211, 'name': 'Jordi Alba Ramos'}, 'position': {'id': 6, 'name': 'Left Back'}, 'teammate': False}]",,,,,,,,,,,,,,,,,,,,,,,,,,,,,,,,,,,,,,,,,,,,113.4,46.5
5f8f624e-eae9-4e6b-a086-d864bc8f4140,3553,2,00:36:31.606,81,31,130,0.39102,16,Shot,217,Barcelona,1,Regular Play,217,Barcelona,,,['7411ae7b-37e8-4a64-85ba-2771008c764d'],"[113.4, 48.9]",3501.0,Philippe Coutinho Correia,21.0,Left Wing,,,,,,,,,,,,,,,,,,,,,,,,,,0.3796317,"[116.1, 34.4, 0.3]",3b394e90-d872-41e6-902e-d6c6f8db74ed,,93.0,Normal,40.0,Right Foot,87.0,Open Play,100.0,Saved,"[{'location': [116.4, 34.7], 'player': {'id': 6629, 'name': 'Fernando Pacheco Flores'}, 'position': {'id': 1, 'name': 'Goalkeeper'}, 'teammate': False}, {'location': [111.2, 34.4], 'player': {'id': 6618, 'name': 'Martín Aguirregabiria Padilla'}, 'position': {'id': 2, 'name': 'Right Back'}, 'teammate': False}, {'location': [99.5, 34.7], 'player': {'id': 5503, 'name': 'Lionel Andrés Messi Cuccittini'}, 'position': {'id': 17, 'name': 'Right Wing'}, 'teammate': True}, {'location': [103.1, 39.9], 'player': {'id': 6615, 'name': 'Víctor Laguardia Cisneros'}, 'position': {'id': 3, 'name': 'Right Center Back'}, 'teammate': False}, {'location': [104.3, 44.6], 'player': {'id': 6855, 'name': 'Guillermo Alfonso Maripán Loaysa'}, 'position': {'id': 5, 'name': 'Left Center Back'}, 'teammate': False}, {'location': [100.1, 43.6], 'player': {'id': 5246, 'name': 'Luis Alberto Suárez Díaz'}, 'position': {'id': 23, 'name': 'Center Forward'}, 'teammate': True}, {'location': [96.0, 37.2], 'player': {'id': 6617, 'name': 'Ibai Gómez Pérez'}, 'position': {'id': 12, 'name': 'Right Midfield'}, 'teammate': False}, {'location': [95.9, 40.9], 'player': {'id': 6632, 'name': 'Manuel Alejandro García Sánchez'}, 'position': {'id': 15, 'name': 'Left Center Midfield'}, 'teammate': False}, {'location': [99.2, 52.6], 'player': {'id': 6935, 'name': 'Adrián Marín Gómez'}, 'position': {'id': 16, 'name': 'Left Midfield'}, 'teammate': False}]",,,,,,,,,,,,,,,,,,,,,,,,,,,,,,,,,,,,,,True,,,,,,113.4,48.9
683c6752-13bc-4892-94ed-22e1c938f1f7,3595,2,00:37:41.578,82,41,131,0.759897,16,Shot,217,Barcelona,1,Regular Play,217,Barcelona,,,['577f44dc-a9ac-4bfa-bcc6-ca02b5780e07'],"[105.1, 48.9]",3501.0,Philippe Coutinho Correia,21.0,Left Wing,,,,,,,,,,,,,,,,,,,,,,,,,,0.08687364,"[120.0, 41.3, 1.1]",33d8a924-1bd9-48b4-803b-db4c7f5c806c,,93.0,Normal,40.0,Right Foot,87.0,Open Play,97.0,Goal,"[{'location': [96.5, 27.9], 'player': {'id': 11392, 'name': 'Arthur Henrique Ramos de Oliveira Melo'}, 'position': {'id': 15, 'name': 'Left Center Midfield'}, 'teammate': True}, {'location': [106.9, 25.8], 'player': {'id': 6617, 'name': 'Ibai Gómez Pérez'}, 'position': {'id': 12, 'name': 'Right Midfield'}, 'teammate': False}, {'location': [116.9, 23.6], 'player': {'id': 5211, 'name': 'Jordi Alba Ramos'}, 'position': {'id': 6, 'name': 'Left Back'}, 'teammate': True}, {'location': [117.7, 37.6], 'player': {'id': 6629, 'name': 'Fernando Pacheco Flores'}, 'position': {'id': 1, 'name': 'Goalkeeper'}, 'teammate': False}, {'location': [109.3, 30.1], 'player': {'id': 6626, 'name': 'Mubarak Wakaso'}, 'position': {'id': 13, 'name': 'Right Center Midfield'}, 'teammate': False}, {'location': [111.3, 31.1], 'player': {'id': 6618, 'name': 'Martín Aguirregabiria Padilla'}, 'position': {'id': 2, 'name': 'Right Back'}, 'teammate': False}, {'location': [106.3, 35.4], 'player': {'id': 6612, 'name': 'Rubén Duarte Sánchez'}, 'position': {'id': 6, 'name': 'Left Back'}, 'teammate': False}, {'location': [103.4, 34.5], 'player': {'id': 6632, 'name': 'Manuel Alejandro García Sánchez'}, 'position': {'id': 15, 'name': 'Left Center Midfield'}, 'teammate': False}, {'location': [104.6, 35.6], 'player': {'id': 5503, 'name': 'Lionel Andrés Messi Cuccittini'}, 'position': {'id': 17, 'name': 'Right Wing'}, 'teammate': True}, {'location': [115.0, 36.4], 'player': {'id': 5246, 'name': 'Luis Alberto Suárez Díaz'}, 'position': {'id': 23, 'name': 'Center Forward'}, 'teammate': True}, {'location': [112.6, 37.0], 'player': {'id': 6855, 'name': 'Guillermo Alfonso Maripán Loaysa'}, 'position': {'id': 5, 'name': 'Left Center Back'}, 'teammate': False}, {'location': [111.7, 34.0], 'player': {'id': 6615, 'name': 'Víctor Laguardia Cisneros'}, 'position': {'id': 3, 'name': 'Right Center Back'}, 'teammate': False}, {'location': [105.8, 45.3], 'player': {'id': 6935, 'name': 'Adrián Marín Gómez'}, 'position': {'id': 16, 'name': 'Left Midfield'}, 'teammate': False}, {'location': [107.2, 48.8], 'player': {'id': 6379, 'name': 'Sergi Roberto Carnicer'}, 'position': {'id': 2, 'name': 'Right Back'}, 'teammate': True}]",,,,,,,,,,,,,,,,,,,,,,,,,,,,,,,,,,,,,,,,,,,,105.1,48.9
252b3061-7d3f-4922-b04f-0b37a44c6300,3873,2,00:44:22.638,89,22,139,0.41857,16,Shot,217,Barcelona,3,From Free Kick,217,Barcelona,,,['f2090f45-9142-413f-880b-64f45bbc94bc'],"[106.1, 33.9]",5503.0,Lionel Andrés Messi Cuccittini,17.0,Right Wing,,,,,,,,,,,,,,,,,,,,,,,,,,0.2625016,"[116.1, 40.1, 0.2]",7378b00b-f379-44b3-96db-1bbca12bd23b,,93.0,Normal,38.0,Left Foot,87.0,Open Play,100.0,Saved,"[{'location': [116.3, 41.5], 'player': {'id': 6629, 'name': 'Fernando Pacheco Flores'}, 'position': {'id': 1, 'name': 'Goalkeeper'}, 'teammate': False}, {'location': [97.6, 56.5], 'player': {'id': 6379, 'name': 'Sergi Roberto Carnicer'}, 'position': {'id': 2, 'name': 'Right Back'}, 'teammate': True}, {'location': [97.6, 54.1], 'player': {'id': 6615, 'name': 'Víctor Laguardia Cisneros'}, 'position': {'id': 3, 'name': 'Right Center Back'}, 'teammate': False}, {'location': [100.0, 57.5], 'player': {'id': 6935, 'name': 'Adrián Marín Gómez'}, 'position': {'id': 16, 'name': 'Left Midfield'}, 'teammate': False}, {'location': [105.3, 61.2], 'player': {'id': 8206, 'name': 'Arturo Erasmo Vidal Pardo'}, 'position': {'id': 13, 'name': 'Right Center Midfield'}, 'teammate': True}, {'location': [109.0, 47.8], 'player': {'id': 6612, 'name': 'Rubén Duarte Sánchez'}, 'position': {'id': 6, 'name': 'Left Back'}, 'teammate': False}, {'location': [109.2, 46.7], 'player': {'id': 6855, 'name': 'Guillermo Alfonso Maripán Loaysa'}, 'position': {'id': 5, 'name': 'Left Center Back'}, 'teammate': False}, {'location': [91.8, 34.3], 'player': {'id': 6617, 'name': 'Ibai Gómez Pérez'}, 'position': {'id': 12, 'name': 'Right Midfield'}, 'teammate': False}, {'location': [109.3, 29.4], 'player': {'id': 3501, 'name': 'Philippe Coutinho Correia'}, 'position': {'id': 21, 'name': 'Left Wing'}, 'teammate': True}, {'location': [100.3, 42.9], 'player': {'id': 6626, 'name': 'Mubarak Wakaso'}, 'position': {'id': 13, 'name': 'Right Center Midfield'}, 'teammate': False}, {'location': [108.6, 42.0], 'player': {'id': 6618, 'name': 'Martín Aguirregabiria Padilla'}, 'position': {'id': 2, 'name': 'Right Back'}, 'teammate': False}, {'location': [103.8, 45.4], 'player': {'id': 5246, 'name': 'Luis Alberto Suárez Díaz'}, 'position': {'id': 23, 'name': 'Center Forward'}, 'teammate': True}]",,,,,,,,,,,,,,,,,,,,,,,,,,,,,,,,,,,,,,,,,,,,106.1,33.9
55d71847-9511-4417-aea9-6f415e279011,3999,2,00:46:42.770,91,42,144,0.497348,16,Shot,217,Barcelona,1,Regular Play,217,Barcelona,,,['f93a1612-e2de-4efe-b202-6c4a178eebad'],"[112.0, 45.4]",5503.0,Lionel Andrés Messi Cuccittini,17.0,Right Wing,,,,,,,,,,,,,,,,,,,,,,,,,,0.28948128,"[120.0, 36.4, 0.2]",2e6a846c-3109-4861-9111-5db1c96d01a4,,93.0,Normal,38.0,Left Foot,87.0,Open Play,97.0,Goal,"[{'location': [98.5, 41.7], 'player': {'id': 8206, 'name': 'Arturo Erasmo Vidal Pardo'}, 'position': {'id': 13, 'name': 'Right Center Midfield'}, 'teammate': True}, {'location': [93.3, 31.5], 'player': {'id': 6632, 'name': 'Manuel Alejandro García Sánchez'}, 'position': {'id': 15, 'name': 'Left Center Midfield'}, 'teammate': False}, {'location': [96.3, 34.8], 'player': {'id': 6626, 'name': 'Mubarak Wakaso'}, 'position': {'id': 13, 'name': 'Right Center Midfield'}, 'teammate': False}, {'location': [93.2, 22.4], 'player': {'id': 6617, 'name': 'Ibai Gómez Pérez'}, 'position': {'id': 12, 'name': 'Right Midfield'}, 'teammate': False}, {'location': [108.1, 45.9], 'player': {'id': 6379, 'name': 'Sergi Roberto Carnicer'}, 'position': {'id': 2, 'name': 'Right Back'}, 'teammate': True}, {'location': [109.3, 52.0], 'player': {'id': 6935, 'name': 'Adrián Marín Gómez'}, 'position': {'id': 16, 'name': 'Left Midfield'}, 'teammate': False}, {'location': [108.9, 37.6], 'player': {'id': 6855, 'name': 'Guillermo Alfonso Maripán Loaysa'}, 'position': {'id': 5, 'name': 'Left Center Back'}, 'teammate': False}, {'location': [105.4, 36.9], 'player': {'id': 6615, 'name': 'Víctor Laguardia Cisneros'}, 'position': {'id': 3, 'name': 'Right Center Back'}, 'teammate': False}, {'location': [112.7, 37.5], 'player': {'id': 6612, 'name': 'Rubén Duarte Sánchez'}, 'position': {'id': 6, 'name': 'Left Back'}, 'teammate': False}, {'location': [106.5, 28.7], 'player': {'id': 6618, 'name': 'Martín Aguirregabiria Padilla'}, 'position': {'id': 2, 'name': 'Right Back'}, 'teammate': False}, {'location': [117.1, 36.8], 'player': {'id': 6629, 'name': 'Fernando Pacheco Flores'}, 'position': {'id': 1, 'name': 'Goalkeeper'}, 'teammate': False}, {'location': [111.0, 32.6], 'player': {'id': 3501, 'name': 'Philippe Coutinho Correia'}, 'position': {'id': 21, 'name': 'Left Wing'}, 'teammate': True}]",,,,,,,,,,,,,,,,,,,,,,,,,,,,,,,,,,,,,,,,,,,,112.0,45.4
